Order_ID,Order_Date,Customer_ID,Customer_Type,Product,Category,City,Quantity,Unit_Price,Discount,Payment_Method,Sales,Profit,Order_Status
ORD00001,2025-11-27,CUST0088,New,Sunscreen,Beauty,Jaipur,5,672.79,0.2,Debit Card,2691.16,683.54,Delivered
ORD00002,2025-01-22,CUST0253,New,Cricket Bat,Sports,Delhi,2,5859.39,0.15,Credit Card,9960.96,2870.85,Delivered
ORD00003,2025-05-11,CUST0135,New,Jacket,Fashion,Kolkata,3,4879.28,0.15,UPI,12442.16,2133.16,Delivered
ORD00004,2025-04-02,CUST0264,New,Smart Watch,Electronics,Chennai,2,20020.79,0.0,Credit Card,40041.58,17826.92,Delivered
ORD00005,2025-08-06,CUST0044,Premium,Jacket,Fashion,Chennai,2,1833.87,0.15,Net Banking,3117.58,896.92,Cancelled
ORD00006,2025-08-05,CUST0252,Returning,Face Wash,Beauty,Pune,5,2889.34,0.2,UPI,11557.36,2435.65,Delivered
ORD00007,2025-05-19,CUST0081,Returning,Yoga Mat,Sports,Bangalore,1,420.4,0.0,Cash on Delivery,420.4,164.12,Delivered
ORD00008,2025-02-02,CUST0048,New,Cricket Bat,Sports,Chennai,1,3060.19,0.15,UPI,2601.16,125.68,Delivered
ORD00009,2025-05-11,CUST0257,Returning,Water Bottle,Home & Kitchen,Kolkata,3,7759.42,0.1,Cash on Delivery,20950.43,4849.68,Delivered
ORD00010,2025-12-18,CUST0231,Returning,Mixer Grinder,Home & Kitchen,Pune,2,8614.76,0.05,Credit Card,16368.04,4620.94,Delivered
ORD00011,2025-08-31,CUST0086,Premium,Dumbbells,Sports,Mumbai,5,4456.78,0.15,Cash on Delivery,18941.31,382.03,Delivered
ORD00012,2025-11-27,CUST0128,Returning,Bluetooth Speaker,Electronics,Hyderabad,4,30591.1,0.15,UPI,104009.74,29860.46,Delivered
ORD00013,2025-07-17,CUST0137,Returning,Wireless Earbuds,Electronics,Delhi,1,8518.18,0.15,UPI,7240.45,1654.48,Delivered
ORD00014,2025-02-21,CUST0268,New,Moisturizer,Beauty,Mumbai,1,1071.13,0.15,Debit Card,910.46,204.49,Returned
ORD00015,2025-12-09,CUST0224,Premium,Yoga Mat,Sports,Bangalore,3,7982.6,0.0,Debit Card,23947.8,3760.18,Delivered
ORD00016,2025-10-21,CUST0280,Returning,Running Shoes,Sports,Mumbai,4,3747.93,0.1,Debit Card,13492.55,3584.58,Delivered
ORD00017,2025-12-12,CUST0147,New,Mixer Grinder,Home & Kitchen,Kolkata,3,2063.4,0.2,UPI,4952.16,-46.47,Delivered
ORD00018,2025-10-25,CUST0099,New,Smartphone,Electronics,Jaipur,3,29433.46,0.15,Cash on Delivery,75055.32,7014.15,Delivered
ORD00019,2025-02-06,CUST0160,Returning,Smart Watch,Electronics,Delhi,2,18867.01,0.0,UPI,37734.02,15926.37,Delivered
ORD00020,2025-04-14,CUST0254,New,Bedsheet,Home & Kitchen,Chennai,1,10318.99,0.15,Net Banking,8771.14,2835.22,Delivered
ORD00021,2025-06-18,CUST0161,New,Bluetooth Speaker,Electronics,Chennai,2,10438.49,0.05,UPI,19833.13,4017.39,Delivered
ORD00022,2025-01-22,CUST0238,Returning,Moisturizer,Beauty,Chennai,1,2024.2,0.15,Credit Card,1720.57,298.28,Delivered
ORD00023,2025-11-13,CUST0147,Returning,Bedsheet,Home & Kitchen,Jaipur,1,9599.29,0.15,Debit Card,8159.4,953.43,Delivered
ORD00024,2025-02-06,CUST0280,New,Smart Watch,Electronics,Chennai,5,32957.73,0.2,Net Banking,131830.92,-2479.77,Delivered
ORD00025,2025-11-19,CUST0128,New,Water Bottle,Home & Kitchen,Mumbai,5,10280.21,0.2,Net Banking,41120.84,9906.35,Delivered
ORD00026,2025-09-30,CUST0104,Returning,Sneakers,Fashion,Bangalore,2,3022.28,0.05,Debit Card,5742.33,1956.93,Delivered
ORD00027,2025-11-09,CUST0036,Returning,Cricket Bat,Sports,Delhi,3,6532.08,0.05,UPI,18616.43,2741.09,Delivered
ORD00028,2025-12-08,CUST0051,Returning,Moisturizer,Beauty,Kolkata,4,1113.29,0.05,Net Banking,4230.5,1655.71,Delivered
ORD00029,2025-04-11,CUST0264,Returning,Jeans,Fashion,Hyderabad,4,540.3,0.05,Net Banking,2053.14,331.14,Delivered
ORD00030,2025-04-16,CUST0158,New,Sunscreen,Beauty,Jaipur,3,703.98,0.15,UPI,1795.15,549.48,Cancelled
ORD00031,2025-05-09,CUST0058,Premium,Shampoo,Beauty,Kolkata,5,373.6,0.05,UPI,1774.6,207.73,Delivered
ORD00032,2025-03-17,CUST0154,New,Bluetooth Speaker,Electronics,Pune,5,10301.73,0.2,UPI,41206.92,3424.49,Delivered
ORD00033,2025-12-07,CUST0039,New,Running Shoes,Sports,Chennai,1,654.22,0.15,Credit Card,556.09,161.86,Delivered
ORD00034,2025-05-27,CUST0096,Premium,Jeans,Fashion,Pune,4,4766.07,0.05,Debit Card,18111.07,6133.59,Delivered
ORD00035,2025-02-02,CUST0179,Returning,T-Shirt,Fashion,Hyderabad,3,4389.12,0.15,Credit Card,11192.26,1676.97,Delivered
ORD00036,2025-09-10,CUST0242,Returning,Smartphone,Electronics,Delhi,5,7789.27,0.2,Debit Card,31157.08,7229.35,Delivered
ORD00037,2025-04-24,CUST0075,Premium,Cricket Bat,Sports,Hyderabad,2,5548.43,0.1,Credit Card,9987.17,2945.59,Delivered
ORD00038,2025-04-09,CUST0036,New,Yoga Mat,Sports,Kolkata,5,4519.38,0.0,Debit Card,22596.9,6314.57,Delivered
ORD00039,2025-03-03,CUST0084,Returning,Running Shoes,Sports,Chennai,5,3603.25,0.0,UPI,18016.25,6819.68,Delivered
ORD00040,2025-10-11,CUST0206,Returning,Mixer Grinder,Home & Kitchen,Hyderabad,5,925.78,0.0,Credit Card,4628.9,906.6,Delivered
ORD00041,2025-05-31,CUST0144,Returning,Dumbbells,Sports,Pune,1,2557.72,0.15,Net Banking,2174.06,251.28,Delivered
ORD00042,2025-01-09,CUST0074,Returning,Jeans,Fashion,Delhi,5,2431.04,0.1,UPI,10939.68,1680.46,Cancelled
ORD00043,2025-12-05,CUST0136,New,Cricket Bat,Sports,Delhi,3,3354.22,0.05,Cash on Delivery,9559.53,3582.5,Delivered
ORD00044,2025-07-01,CUST0167,New,Wireless Earbuds,Electronics,Mumbai,4,21001.78,0.15,UPI,71406.05,23097.74,Delivered
ORD00045,2025-12-27,CUST0001,Returning,Air Fryer,Home & Kitchen,Hyderabad,4,432.84,0.05,Net Banking,1644.79,307.67,Delivered
ORD00046,2025-06-09,CUST0173,New,Face Wash,Beauty,Pune,1,386.24,0.2,UPI,308.99,-15.05,Delivered
ORD00047,2025-02-16,CUST0233,New,Football,Sports,Kolkata,4,7377.19,0.1,Credit Card,26557.88,4171.85,Delivered
ORD00048,2025-12-24,CUST0156,New,Football,Sports,Mumbai,1,7238.92,0.1,UPI,6515.03,1923.46,Cancelled
ORD00049,2025-05-25,CUST0201,New,Jeans,Fashion,Hyderabad,4,1455.22,0.15,Debit Card,4947.75,1117.01,Delivered
ORD00050,2025-01-10,CUST0286,Premium,Dumbbells,Sports,Pune,5,7314.14,0.05,UPI,34742.16,10057.24,Delivered
ORD00051,2025-12-08,CUST0283,Returning,Wireless Earbuds,Electronics,Delhi,1,17176.69,0.1,Credit Card,15459.02,2950.28,Delivered
ORD00052,2025-09-16,CUST0023,Returning,Mixer Grinder,Home & Kitchen,Pune,4,459.96,0.0,Cash on Delivery,1839.84,532.99,Delivered
ORD00053,2025-10-15,CUST0034,New,Mixer Grinder,Home & Kitchen,Jaipur,1,3120.69,0.0,UPI,3120.69,511.12,Delivered
ORD00054,2025-08-24,CUST0222,Returning,Jeans,Fashion,Delhi,3,2590.57,0.1,UPI,6994.54,2002.51,Delivered
ORD00055,2025-08-14,CUST0294,Returning,Dumbbells,Sports,Mumbai,3,5223.08,0.1,Credit Card,14102.32,1238.73,Delivered
ORD00056,2025-01-30,CUST0247,Returning,Bedsheet,Home & Kitchen,Delhi,4,10878.66,0.0,Net Banking,43514.64,12871.77,Delivered
ORD00057,2025-02-03,CUST0262,Returning,Shampoo,Beauty,Pune,2,2790.77,0.0,UPI,5581.54,2079.27,Delivered
ORD00058,2025-12-26,CUST0184,New,Bedsheet,Home & Kitchen,Jaipur,1,1187.6,0.1,Credit Card,1068.84,366.2,Delivered
ORD00059,2025-06-19,CUST0022,New,Cricket Bat,Sports,Delhi,3,4934.9,0.1,Credit Card,13324.23,1531.74,Delivered
ORD00060,2025-09-06,CUST0047,Returning,Shampoo,Beauty,Kolkata,1,2698.52,0.05,Credit Card,2563.59,520.49,Delivered
ORD00061,2025-06-29,CUST0207,Returning,Air Fryer,Home & Kitchen,Jaipur,4,330.36,0.0,Credit Card,1321.44,561.14,Delivered
ORD00062,2025-01-07,CUST0003,Premium,Jacket,Fashion,Chennai,2,2097.0,0.2,Debit Card,3355.2,970.06,Delivered
ORD00063,2025-01-28,CUST0202,Returning,Sunscreen,Beauty,Delhi,3,2621.56,0.1,UPI,7078.21,2180.55,Delivered
ORD00064,2025-08-21,CUST0109,Returning,Jacket,Fashion,Hyderabad,5,1472.8,0.15,Credit Card,6259.4,1162.11,Delivered
ORD00065,2025-11-16,CUST0226,New,T-Shirt,Fashion,Bangalore,2,2996.51,0.0,Net Banking,5993.02,2090.16,Delivered
ORD00066,2025-12-16,CUST0095,New,Yoga Mat,Sports,Delhi,5,2126.65,0.15,UPI,9038.26,475.89,Delivered
ORD00067,2025-05-14,CUST0118,New,Air Fryer,Home & Kitchen,Jaipur,2,11793.83,0.15,Debit Card,20049.51,216.04,Delivered
ORD00068,2025-04-28,CUST0275,New,Smartphone,Electronics,Hyderabad,2,19796.97,0.1,UPI,35634.55,3897.05,Delivered
ORD00069,2025-09-16,CUST0161,New,Smartphone,Electronics,Jaipur,5,27034.84,0.1,UPI,121656.78,9515.68,Delivered
ORD00070,2025-09-30,CUST0265,Returning,Jacket,Fashion,Jaipur,2,1327.96,0.15,Debit Card,2257.53,593.88,Delivered
ORD00071,2025-05-17,CUST0076,New,Mixer Grinder,Home & Kitchen,Delhi,4,10253.51,0.15,Debit Card,34861.93,7277.71,Cancelled
ORD00072,2025-08-01,CUST0165,Returning,Sunscreen,Beauty,Bangalore,1,548.35,0.2,Debit Card,438.68,103.92,Delivered
ORD00073,2025-01-14,CUST0288,Returning,Face Wash,Beauty,Chennai,1,2650.02,0.05,Credit Card,2517.52,410.81,Delivered
ORD00074,2025-07-17,CUST0134,New,Wireless Earbuds,Electronics,Bangalore,2,12888.93,0.2,UPI,20622.29,-565.61,Delivered
ORD00075,2025-10-16,CUST0254,New,Sunscreen,Beauty,Mumbai,3,1561.96,0.15,Cash on Delivery,3983.0,3.25,Delivered
ORD00076,2025-01-15,CUST0157,Returning,Cookware Set,Home & Kitchen,Pune,5,4302.36,0.15,UPI,18285.03,3504.27,Delivered
ORD00077,2025-10-10,CUST0069,Returning,Sunscreen,Beauty,Chennai,3,2202.1,0.1,Net Banking,5945.67,1191.43,Delivered
ORD00078,2025-11-12,CUST0171,Premium,Sneakers,Fashion,Hyderabad,5,1105.42,0.05,Net Banking,5250.74,1196.96,Delivered
ORD00079,2025-02-20,CUST0029,New,Dumbbells,Sports,Delhi,2,5745.74,0.0,Net Banking,11491.48,3184.44,Delivered
ORD00080,2025-05-29,CUST0137,New,Bluetooth Speaker,Electronics,Delhi,4,34480.05,0.0,UPI,137920.2,48321.18,Delivered
ORD00081,2025-07-29,CUST0017,Returning,Power Bank,Electronics,Bangalore,1,14357.19,0.05,Credit Card,13639.33,1780.91,Delivered
ORD00082,2025-05-30,CUST0154,New,Mixer Grinder,Home & Kitchen,Pune,5,6130.9,0.0,Credit Card,30654.5,10461.82,Delivered
ORD00083,2025-11-23,CUST0257,New,Smart Watch,Electronics,Chennai,4,16443.32,0.15,Debit Card,55907.29,9174.0,Delivered
ORD00084,2025-01-19,CUST0018,New,Bedsheet,Home & Kitchen,Bangalore,5,4387.83,0.0,Credit Card,21939.15,9632.06,Delivered
ORD00085,2025-12-25,CUST0131,New,Jacket,Fashion,Mumbai,3,2613.0,0.15,Cash on Delivery,6663.15,1923.86,Delivered
ORD00086,2025-11-09,CUST0247,New,Jacket,Fashion,Kolkata,4,4083.45,0.05,Debit Card,15517.11,2285.13,Delivered
ORD00087,2025-10-18,CUST0096,Premium,Yoga Mat,Sports,Jaipur,3,6459.35,0.1,Cash on Delivery,17440.25,2987.64,Delivered
ORD00088,2025-05-31,CUST0085,New,Water Bottle,Home & Kitchen,Pune,5,11349.59,0.05,Cash on Delivery,53910.55,22477.83,Delivered
ORD00089,2025-07-14,CUST0119,New,Running Shoes,Sports,Pune,1,5720.39,0.2,UPI,4576.31,843.5,Delivered
ORD00090,2025-03-22,CUST0202,Returning,Smartphone,Electronics,Bangalore,3,30234.63,0.15,Cash on Delivery,77098.31,692.6,Delivered
ORD00091,2025-09-03,CUST0278,Returning,Smartphone,Electronics,Hyderabad,1,1470.7,0.05,UPI,1397.16,308.78,Delivered
ORD00092,2025-02-11,CUST0041,New,Dumbbells,Sports,Delhi,5,5622.41,0.1,Credit Card,25300.84,2901.86,Delivered
ORD00093,2025-08-07,CUST0168,New,Jacket,Fashion,Pune,2,1349.54,0.2,Debit Card,2159.26,461.25,Delivered
ORD00094,2025-05-10,CUST0193,New,Backpack,Fashion,Hyderabad,5,4255.29,0.15,Cash on Delivery,18084.98,1462.26,Delivered
ORD00095,2025-08-15,CUST0098,New,Dumbbells,Sports,Jaipur,3,6745.51,0.15,Net Banking,17201.05,1705.66,Delivered
ORD00096,2025-12-31,CUST0201,Returning,Yoga Mat,Sports,Pune,4,2378.32,0.1,UPI,8561.95,1631.3,Delivered
ORD00097,2025-08-17,CUST0108,Returning,Wireless Earbuds,Electronics,Chennai,3,17695.35,0.05,UPI,50431.75,13913.62,Delivered
ORD00098,2025-02-26,CUST0012,Returning,Moisturizer,Beauty,Jaipur,3,1046.6,0.1,Cash on Delivery,2825.82,192.69,Delivered
ORD00099,2025-12-31,CUST0026,New,Yoga Mat,Sports,Mumbai,1,5372.63,0.05,Debit Card,5104.0,1360.2,Delivered
ORD00100,2025-11-24,CUST0215,Returning,Smartphone,Electronics,Kolkata,2,20180.52,0.2,Cash on Delivery,32288.83,1238.8,Delivered
ORD00101,2025-05-11,CUST0293,Returning,Cookware Set,Home & Kitchen,Mumbai,1,6412.48,0.1,Debit Card,5771.23,1165.77,Delivered
ORD00102,2025-04-18,CUST0227,Premium,Face Wash,Beauty,Chennai,1,1684.44,0.2,UPI,1347.55,104.83,Delivered
ORD00103,2025-11-14,CUST0245,Returning,Dumbbells,Sports,Jaipur,3,3256.52,0.1,Cash on Delivery,8792.6,494.53,Delivered
ORD00104,2025-05-22,CUST0158,Premium,Smartphone,Electronics,Mumbai,4,3845.29,0.2,UPI,12304.93,466.34,Delivered
ORD00105,2025-07-06,CUST0293,Returning,Wireless Earbuds,Electronics,Bangalore,1,31924.63,0.0,Debit Card,31924.63,10615.29,Delivered
ORD00106,2025-03-04,CUST0243,Returning,Air Fryer,Home & Kitchen,Mumbai,4,11873.46,0.15,UPI,40369.76,10947.25,Cancelled
ORD00107,2025-02-23,CUST0047,New,Smartphone,Electronics,Delhi,2,1959.91,0.1,Net Banking,3527.84,400.37,Delivered
ORD00108,2025-08-04,CUST0003,Returning,T-Shirt,Fashion,Chennai,2,1199.92,0.1,Debit Card,2159.86,294.05,Delivered
ORD00109,2025-05-03,CUST0029,Premium,Yoga Mat,Sports,Delhi,5,4865.64,0.05,Cash on Delivery,23111.79,6392.73,Delivered
ORD00110,2025-05-04,CUST0038,New,T-Shirt,Fashion,Pune,1,1913.64,0.2,UPI,1530.91,56.33,Delivered
ORD00111,2025-02-09,CUST0224,Returning,Backpack,Fashion,Bangalore,5,1412.84,0.15,Cash on Delivery,6004.57,1957.92,Delivered
ORD00112,2025-02-28,CUST0059,New,Sneakers,Fashion,Pune,1,4376.67,0.1,Cash on Delivery,3939.0,391.94,Delivered
ORD00113,2025-11-10,CUST0249,New,Bluetooth Speaker,Electronics,Kolkata,3,24028.83,0.15,UPI,61273.52,18195.96,Delivered
ORD00114,2025-01-12,CUST0295,New,Air Fryer,Home & Kitchen,Pune,2,8999.05,0.15,Debit Card,15298.38,2396.36,Delivered
ORD00115,2025-11-22,CUST0074,New,Wireless Earbuds,Electronics,Mumbai,2,22371.2,0.15,UPI,38031.04,13300.94,Delivered
ORD00116,2025-08-07,CUST0192,Returning,Sunscreen,Beauty,Chennai,4,442.15,0.15,Debit Card,1503.31,165.6,Delivered
ORD00117,2025-07-23,CUST0164,Returning,Smartphone,Electronics,Hyderabad,2,3262.02,0.05,Cash on Delivery,6197.84,671.69,Delivered
ORD00118,2025-08-14,CUST0285,Premium,Football,Sports,Bangalore,3,6625.65,0.1,Credit Card,17889.25,2882.38,Delivered
ORD00119,2025-12-03,CUST0236,New,Dumbbells,Sports,Pune,2,2597.48,0.15,Net Banking,4415.72,538.44,Delivered
ORD00120,2025-02-27,CUST0015,Returning,Football,Sports,Bangalore,3,7726.81,0.0,UPI,23180.43,7355.39,Delivered
ORD00121,2025-05-25,CUST0093,Returning,Smart Watch,Electronics,Kolkata,4,20002.33,0.1,Credit Card,72008.39,4763.91,Delivered
ORD00122,2025-02-15,CUST0015,Returning,Jacket,Fashion,Chennai,5,482.16,0.15,Debit Card,2049.18,699.72,Cancelled
ORD00123,2025-04-27,CUST0072,New,Perfume,Beauty,Pune,1,1376.37,0.15,UPI,1169.91,386.39,Delivered
ORD00124,2025-04-12,CUST0267,Returning,Cricket Bat,Sports,Jaipur,2,5539.52,0.1,UPI,9971.14,1567.75,Delivered
ORD00125,2025-08-30,CUST0002,Returning,Face Wash,Beauty,Delhi,4,1777.08,0.15,UPI,6042.07,1394.62,Delivered
ORD00126,2025-04-16,CUST0123,New,Bluetooth Speaker,Electronics,Chennai,2,3395.24,0.05,Debit Card,6450.96,1311.66,Delivered
ORD00127,2025-09-08,CUST0007,Returning,Smartphone,Electronics,Jaipur,2,32777.42,0.15,Credit Card,55721.61,3899.3,Delivered
ORD00128,2025-01-12,CUST0087,Returning,Jeans,Fashion,Delhi,1,2612.16,0.15,Cash on Delivery,2220.34,210.34,Delivered
ORD00129,2025-07-02,CUST0288,Returning,Sneakers,Fashion,Mumbai,4,4888.98,0.2,UPI,15644.74,3820.54,Delivered
ORD00130,2025-02-04,CUST0093,New,Air Fryer,Home & Kitchen,Kolkata,1,11957.11,0.1,UPI,10761.4,1852.18,Delivered
ORD00131,2025-08-08,CUST0020,Returning,Face Wash,Beauty,Mumbai,2,2624.58,0.2,Cash on Delivery,4199.33,-20.33,Delivered
ORD00132,2025-09-19,CUST0295,New,Smart Watch,Electronics,Bangalore,2,1708.23,0.15,UPI,2903.99,129.73,Delivered
ORD00133,2025-01-08,CUST0100,Premium,Running Shoes,Sports,Kolkata,2,3255.62,0.2,Debit Card,5208.99,195.77,Delivered
ORD00134,2025-04-21,CUST0014,Returning,Backpack,Fashion,Delhi,5,4330.17,0.0,Debit Card,21650.85,8137.05,Delivered
ORD00135,2025-06-13,CUST0287,New,Power Bank,Electronics,Bangalore,4,11406.68,0.05,Credit Card,43345.38,6506.55,Delivered
ORD00136,2025-01-01,CUST0064,New,Backpack,Fashion,Hyderabad,1,1950.21,0.0,UPI,1950.21,614.65,Delivered
ORD00137,2025-07-26,CUST0108,Returning,Dumbbells,Sports,Hyderabad,1,4408.04,0.0,UPI,4408.04,1050.81,Delivered
ORD00138,2025-07-17,CUST0245,New,T-Shirt,Fashion,Delhi,4,2843.38,0.05,Credit Card,10804.84,4415.16,Delivered
ORD00139,2025-11-02,CUST0285,Premium,Shampoo,Beauty,Kolkata,2,1282.53,0.1,UPI,2308.55,893.97,Cancelled
ORD00140,2025-01-08,CUST0129,Returning,Cookware Set,Home & Kitchen,Pune,4,4309.05,0.2,Credit Card,13788.96,3566.81,Cancelled
ORD00141,2025-05-25,CUST0026,Premium,Cricket Bat,Sports,Jaipur,2,5394.57,0.1,Cash on Delivery,9710.23,1564.71,Delivered
ORD00142,2025-02-22,CUST0069,Returning,Mixer Grinder,Home & Kitchen,Chennai,1,8367.46,0.0,Debit Card,8367.46,3223.96,Delivered
ORD00143,2025-11-20,CUST0098,New,T-Shirt,Fashion,Chennai,1,4385.62,0.2,Net Banking,3508.5,67.04,Delivered
ORD00144,2025-11-06,CUST0089,New,Cookware Set,Home & Kitchen,Delhi,1,9218.74,0.1,UPI,8296.87,823.51,Delivered
ORD00145,2025-04-12,CUST0267,Returning,Football,Sports,Chennai,1,3291.9,0.0,Debit Card,3291.9,1246.76,Delivered
ORD00146,2025-06-03,CUST0153,New,T-Shirt,Fashion,Mumbai,2,2147.01,0.05,Credit Card,4079.32,1100.32,Delivered
ORD00147,2025-04-17,CUST0117,Premium,Perfume,Beauty,Delhi,2,1882.53,0.15,Debit Card,3200.3,50.24,Delivered
ORD00148,2025-02-21,CUST0027,Premium,Water Bottle,Home & Kitchen,Hyderabad,3,11232.9,0.05,Credit Card,32013.76,11797.93,Delivered
ORD00149,2025-12-16,CUST0263,Returning,Jacket,Fashion,Mumbai,2,3701.12,0.0,Cash on Delivery,7402.24,1162.02,Delivered
ORD00150,2025-06-21,CUST0173,Returning,Smartphone,Electronics,Bangalore,4,7053.34,0.15,UPI,23981.36,4371.28,Delivered
ORD00151,2025-06-19,CUST0072,Returning,Running Shoes,Sports,Delhi,1,2056.21,0.05,UPI,1953.4,714.67,Delivered
ORD00152,2025-05-26,CUST0164,New,Running Shoes,Sports,Kolkata,3,2416.01,0.15,Debit Card,6160.83,1253.03,Delivered
ORD00153,2025-05-23,CUST0160,Returning,Power Bank,Electronics,Delhi,1,30515.61,0.2,Credit Card,24412.49,6752.67,Delivered
ORD00154,2025-02-11,CUST0125,Returning,Yoga Mat,Sports,Delhi,2,4125.1,0.1,UPI,7425.18,1409.84,Delivered
ORD00155,2025-12-19,CUST0164,New,Moisturizer,Beauty,Jaipur,2,1869.18,0.2,UPI,2990.69,845.52,Delivered
ORD00156,2025-06-09,CUST0149,New,Smart Watch,Electronics,Jaipur,4,15874.66,0.05,Debit Card,60323.71,12643.8,Delivered
ORD00157,2025-12-20,CUST0286,New,Sunscreen,Beauty,Chennai,2,1452.05,0.15,Credit Card,2468.48,294.61,Delivered
ORD00158,2025-01-12,CUST0145,New,Sunscreen,Beauty,Jaipur,1,649.61,0.05,Cash on Delivery,617.13,241.0,Delivered
ORD00159,2025-05-01,CUST0286,Returning,Running Shoes,Sports,Chennai,5,7801.07,0.15,UPI,33154.55,854.21,Delivered
ORD00160,2025-05-31,CUST0114,New,Bluetooth Speaker,Electronics,Delhi,4,29034.12,0.05,UPI,110329.66,44255.82,Delivered
ORD00161,2025-07-15,CUST0262,Premium,Mixer Grinder,Home & Kitchen,Bangalore,3,6779.49,0.1,Credit Card,18304.62,4696.26,Delivered
ORD00162,2025-10-18,CUST0158,Premium,Sunscreen,Beauty,Chennai,4,1264.47,0.0,Debit Card,5057.88,2099.48,Delivered
ORD00163,2025-07-25,CUST0276,Returning,Water Bottle,Home & Kitchen,Mumbai,5,9879.2,0.1,Cash on Delivery,44456.4,14717.17,Delivered
ORD00164,2025-01-25,CUST0141,New,Bluetooth Speaker,Electronics,Jaipur,4,30267.1,0.0,Credit Card,121068.4,32461.36,Delivered
ORD00165,2025-04-02,CUST0141,Premium,Face Wash,Beauty,Hyderabad,5,812.77,0.15,Credit Card,3454.27,272.21,Delivered
ORD00166,2025-01-05,CUST0266,New,Sunscreen,Beauty,Chennai,2,200.41,0.15,Net Banking,340.7,76.38,Delivered
ORD00167,2025-09-20,CUST0080,Returning,Yoga Mat,Sports,Delhi,1,3613.6,0.1,Credit Card,3252.24,1183.86,Delivered
ORD00168,2025-08-19,CUST0178,New,Bluetooth Speaker,Electronics,Hyderabad,4,21802.03,0.2,Credit Card,69766.5,5479.4,Delivered
ORD00169,2025-07-02,CUST0062,Returning,Football,Sports,Chennai,4,3131.75,0.2,Cash on Delivery,10021.6,1677.07,Cancelled
ORD00170,2025-08-01,CUST0181,Returning,Cricket Bat,Sports,Pune,5,5543.51,0.0,UPI,27717.55,9782.91,Delivered
ORD00171,2025-10-09,CUST0196,Premium,Power Bank,Electronics,Jaipur,3,9818.69,0.2,Debit Card,23564.86,-97.41,Delivered
ORD00172,2025-04-15,CUST0192,Returning,Mixer Grinder,Home & Kitchen,Delhi,5,7484.75,0.05,Net Banking,35552.56,6156.02,Delivered
ORD00173,2025-08-20,CUST0277,Returning,Jacket,Fashion,Kolkata,1,751.52,0.05,Debit Card,713.94,90.86,Delivered
ORD00174,2025-03-28,CUST0101,New,Mixer Grinder,Home & Kitchen,Jaipur,4,7483.02,0.2,UPI,23945.66,6134.55,Delivered
ORD00175,2025-11-10,CUST0228,New,Mixer Grinder,Home & Kitchen,Kolkata,3,1143.39,0.0,Net Banking,3430.17,559.29,Delivered
ORD00176,2025-01-08,CUST0138,New,Water Bottle,Home & Kitchen,Jaipur,2,4451.64,0.2,Credit Card,7122.62,757.8,Delivered
ORD00177,2025-03-19,CUST0105,Returning,Wireless Earbuds,Electronics,Mumbai,2,34176.49,0.1,Credit Card,61517.68,21434.4,Delivered
ORD00178,2025-06-30,CUST0160,Returning,Jeans,Fashion,Jaipur,4,4074.09,0.1,Debit Card,14666.72,912.74,Delivered
ORD00179,2025-11-11,CUST0124,New,Sneakers,Fashion,Mumbai,1,601.18,0.05,Net Banking,571.12,199.96,Delivered
ORD00180,2025-02-01,CUST0222,Premium,Sunscreen,Beauty,Delhi,3,2076.55,0.0,UPI,6229.65,1596.39,Delivered
ORD00181,2025-05-30,CUST0235,New,Backpack,Fashion,Hyderabad,5,3873.19,0.15,UPI,16461.06,5496.88,Delivered
ORD00182,2025-03-29,CUST0044,Returning,Jeans,Fashion,Bangalore,4,1005.95,0.1,Cash on Delivery,3621.42,243.28,Delivered
ORD00183,2025-10-08,CUST0128,New,Power Bank,Electronics,Jaipur,3,10905.91,0.2,Credit Card,26174.18,7259.17,Delivered
ORD00184,2025-12-28,CUST0010,Returning,Smart Watch,Electronics,Chennai,1,25617.64,0.15,Debit Card,21774.99,6923.08,Delivered
ORD00185,2025-03-31,CUST0054,Returning,Cookware Set,Home & Kitchen,Chennai,5,4458.0,0.0,UPI,22290.0,6324.39,Delivered
ORD00186,2025-07-30,CUST0101,New,Backpack,Fashion,Kolkata,3,2092.53,0.1,Credit Card,5649.83,611.49,Delivered
ORD00187,2025-12-25,CUST0202,Returning,Shampoo,Beauty,Hyderabad,3,2675.66,0.05,UPI,7625.63,2267.96,Delivered
ORD00188,2025-12-02,CUST0186,Returning,Running Shoes,Sports,Hyderabad,4,3397.92,0.2,UPI,10873.34,778.83,Delivered
ORD00189,2025-07-30,CUST0152,New,Jeans,Fashion,Chennai,4,3169.87,0.15,Net Banking,10777.56,2578.6,Delivered
ORD00190,2025-05-26,CUST0116,New,Running Shoes,Sports,Hyderabad,5,4282.97,0.15,Debit Card,18202.62,5638.25,Delivered
ORD00191,2025-08-28,CUST0047,New,Mixer Grinder,Home & Kitchen,Chennai,5,11217.43,0.0,Net Banking,56087.15,18151.24,Delivered
ORD00192,2025-02-19,CUST0259,New,Moisturizer,Beauty,Delhi,2,2258.96,0.2,Debit Card,3614.34,879.45,Delivered
ORD00193,2025-03-10,CUST0049,New,Yoga Mat,Sports,Jaipur,3,7458.05,0.2,Credit Card,17899.32,5216.74,Delivered
ORD00194,2025-11-22,CUST0297,New,Jacket,Fashion,Hyderabad,2,629.27,0.1,UPI,1132.69,275.55,Delivered
ORD00195,2025-12-08,CUST0220,New,Smart Watch,Electronics,Kolkata,4,23233.56,0.2,Net Banking,74347.39,21310.99,Delivered
ORD00196,2025-03-25,CUST0250,Returning,Jeans,Fashion,Pune,4,4286.03,0.0,Credit Card,17144.12,5207.16,Delivered
ORD00197,2025-07-18,CUST0154,New,Power Bank,Electronics,Jaipur,2,12613.88,0.1,Debit Card,22704.98,1538.43,Delivered
ORD00198,2025-11-01,CUST0161,New,Cricket Bat,Sports,Hyderabad,5,7842.54,0.1,Credit Card,35291.43,5193.85,Delivered
ORD00199,2025-06-18,CUST0086,Returning,Wireless Earbuds,Electronics,Mumbai,5,18652.31,0.2,UPI,74609.24,-750.0,Delivered
ORD00200,2025-11-26,CUST0098,Premium,T-Shirt,Fashion,Bangalore,5,2371.7,0.05,Debit Card,11265.58,2380.52,Delivered
ORD00201,2025-10-04,CUST0020,Returning,Perfume,Beauty,Hyderabad,3,1164.52,0.1,Cash on Delivery,3144.2,398.67,Delivered
ORD00202,2025-01-26,CUST0066,New,Running Shoes,Sports,Chennai,3,7003.45,0.2,UPI,16808.28,2408.38,Returned
ORD00203,2025-07-16,CUST0267,New,Face Wash,Beauty,Mumbai,3,1263.58,0.15,UPI,3222.13,623.54,Delivered
ORD00204,2025-08-26,CUST0104,Returning,Perfume,Beauty,Hyderabad,5,2308.82,0.2,Debit Card,9235.28,1804.29,Delivered
ORD00205,2025-02-09,CUST0220,New,Shampoo,Beauty,Jaipur,3,1052.77,0.2,UPI,2526.65,-68.98,Delivered
ORD00206,2025-01-16,CUST0129,New,Moisturizer,Beauty,Kolkata,3,1042.51,0.0,UPI,3127.53,653.4,Delivered
ORD00207,2025-01-25,CUST0131,Returning,Cricket Bat,Sports,Delhi,2,1577.85,0.1,Cash on Delivery,2840.13,950.91,Delivered
ORD00208,2025-05-14,CUST0211,Returning,Backpack,Fashion,Delhi,4,4877.9,0.2,Credit Card,15609.28,3142.4,Delivered
ORD00209,2025-10-04,CUST0156,Returning,Perfume,Beauty,Chennai,2,1045.07,0.1,Debit Card,1881.13,179.87,Delivered
ORD00210,2025-06-25,CUST0150,Returning,Water Bottle,Home & Kitchen,Hyderabad,3,10892.71,0.05,Credit Card,31044.22,5730.18,Delivered
ORD00211,2025-06-05,CUST0047,New,Bedsheet,Home & Kitchen,Delhi,5,664.05,0.05,Debit Card,3154.24,1004.27,Delivered
ORD00212,2025-10-29,CUST0142,Premium,Power Bank,Electronics,Delhi,1,24509.36,0.2,Cash on Delivery,19607.49,5883.31,Delivered
ORD00213,2025-04-01,CUST0046,Returning,Water Bottle,Home & Kitchen,Hyderabad,2,8080.32,0.1,Credit Card,14544.58,1257.97,Delivered
ORD00214,2025-09-27,CUST0154,Premium,Bedsheet,Home & Kitchen,Chennai,3,11728.56,0.15,Cash on Delivery,29907.83,10365.7,Delivered
ORD00215,2025-07-25,CUST0063,Returning,Bedsheet,Home & Kitchen,Hyderabad,3,9964.66,0.0,Cash on Delivery,29893.98,5923.84,Returned
ORD00216,2025-09-22,CUST0161,Returning,Moisturizer,Beauty,Delhi,5,2637.35,0.2,Cash on Delivery,10549.4,3026.33,Delivered
ORD00217,2025-01-02,CUST0125,Returning,Football,Sports,Delhi,1,2042.91,0.15,Net Banking,1736.47,573.34,Delivered
ORD00218,2025-09-12,CUST0149,New,Yoga Mat,Sports,Hyderabad,4,2496.74,0.1,UPI,8988.26,2693.15,Delivered
ORD00219,2025-08-04,CUST0065,New,Face Wash,Beauty,Kolkata,1,2252.06,0.2,Credit Card,1801.65,540.96,Delivered
ORD00220,2025-08-20,CUST0021,Returning,Perfume,Beauty,Hyderabad,1,1473.63,0.1,Cash on Delivery,1326.27,121.2,Delivered
ORD00221,2025-03-08,CUST0194,New,Water Bottle,Home & Kitchen,Bangalore,4,8214.19,0.15,Debit Card,27928.25,7548.67,Delivered
ORD00222,2025-12-28,CUST0093,Returning,Wireless Earbuds,Electronics,Bangalore,5,800.19,0.15,UPI,3400.81,475.23,Delivered
ORD00223,2025-07-09,CUST0136,New,Air Fryer,Home & Kitchen,Hyderabad,1,5849.17,0.2,UPI,4679.34,519.98,Delivered
ORD00224,2025-12-10,CUST0037,New,Dumbbells,Sports,Delhi,2,4704.77,0.1,UPI,8468.59,3168.04,Delivered
ORD00225,2025-11-29,CUST0127,New,Bedsheet,Home & Kitchen,Delhi,1,6236.72,0.2,Credit Card,4989.38,295.46,Delivered
ORD00226,2025-10-28,CUST0090,Premium,Water Bottle,Home & Kitchen,Mumbai,5,10622.43,0.2,Debit Card,42489.72,9164.4,Delivered
ORD00227,2025-11-20,CUST0161,Returning,Power Bank,Electronics,Mumbai,5,772.16,0.0,UPI,3860.8,1038.02,Delivered
ORD00228,2025-09-15,CUST0285,Returning,Perfume,Beauty,Mumbai,4,2715.92,0.05,Cash on Delivery,10320.5,3299.04,Delivered
ORD00229,2025-03-25,CUST0155,Returning,Cricket Bat,Sports,Pune,3,4166.58,0.0,UPI,12499.74,3327.78,Delivered
ORD00230,2025-12-23,CUST0213,Returning,T-Shirt,Fashion,Kolkata,4,3596.46,0.1,UPI,12947.26,3097.91,Delivered
ORD00231,2025-03-14,CUST0122,Returning,Smart Watch,Electronics,Hyderabad,3,13987.57,0.05,Cash on Delivery,39864.57,11700.48,Delivered
ORD00232,2025-11-09,CUST0118,Returning,Bedsheet,Home & Kitchen,Delhi,1,10333.48,0.1,Credit Card,9300.13,1811.87,Delivered
ORD00233,2025-05-28,CUST0275,New,Jacket,Fashion,Hyderabad,4,2380.43,0.2,UPI,7617.38,-162.14,Delivered
ORD00234,2025-11-21,CUST0176,New,Bedsheet,Home & Kitchen,Hyderabad,3,4814.73,0.1,Credit Card,12999.77,3706.88,Delivered
ORD00235,2025-06-03,CUST0155,New,Face Wash,Beauty,Bangalore,5,550.58,0.1,Credit Card,2477.61,524.22,Delivered
ORD00236,2025-05-02,CUST0125,New,Sneakers,Fashion,Hyderabad,3,507.42,0.2,UPI,1217.81,171.17,Delivered
ORD00237,2025-04-19,CUST0224,New,Shampoo,Beauty,Hyderabad,1,2506.12,0.2,Net Banking,2004.9,409.7,Cancelled
ORD00238,2025-02-11,CUST0109,New,Wireless Earbuds,Electronics,Delhi,5,18956.43,0.2,Credit Card,75825.72,-9.0,Delivered
ORD00239,2025-05-05,CUST0111,Returning,Sunscreen,Beauty,Hyderabad,4,2904.29,0.1,Credit Card,10455.44,3490.11,Delivered
ORD00240,2025-01-08,CUST0284,Premium,Power Bank,Electronics,Pune,1,30894.8,0.05,Credit Card,29350.06,8081.04,Delivered
ORD00241,2025-09-03,CUST0005,Returning,Bedsheet,Home & Kitchen,Hyderabad,3,10940.62,0.2,Credit Card,26257.49,3691.15,Delivered
ORD00242,2025-11-04,CUST0070,Returning,Jacket,Fashion,Mumbai,3,4860.2,0.1,Credit Card,13122.54,2859.68,Delivered
ORD00243,2025-06-28,CUST0219,New,Mixer Grinder,Home & Kitchen,Bangalore,3,6883.73,0.1,Debit Card,18586.07,1536.03,Delivered
ORD00244,2025-08-13,CUST0147,New,Sunscreen,Beauty,Bangalore,1,1507.98,0.15,Credit Card,1281.78,450.96,Delivered
ORD00245,2025-10-25,CUST0126,Returning,Dumbbells,Sports,Hyderabad,2,7433.15,0.2,Cash on Delivery,11893.04,3580.33,Delivered
ORD00246,2025-11-23,CUST0030,New,Mixer Grinder,Home & Kitchen,Delhi,3,9582.71,0.1,UPI,25873.32,8331.35,Returned
ORD00247,2025-09-14,CUST0164,Returning,Yoga Mat,Sports,Kolkata,5,831.53,0.2,UPI,3326.12,14.23,Delivered
ORD00248,2025-07-07,CUST0173,Returning,Smartphone,Electronics,Pune,4,3363.37,0.1,Net Banking,12108.13,3300.86,Delivered
ORD00249,2025-11-18,CUST0013,Returning,Cookware Set,Home & Kitchen,Kolkata,2,1199.29,0.05,UPI,2278.65,785.13,Delivered
ORD00250,2025-09-26,CUST0021,New,Bedsheet,Home & Kitchen,Bangalore,5,557.71,0.0,Debit Card,2788.55,795.59,Delivered
ORD00251,2025-02-22,CUST0022,Returning,Smartphone,Electronics,Hyderabad,4,20795.16,0.15,UPI,70703.54,7920.03,Delivered
ORD00252,2025-12-27,CUST0204,New,Jacket,Fashion,Delhi,2,2684.8,0.05,UPI,5101.12,820.83,Delivered
ORD00253,2025-11-16,CUST0157,Premium,Backpack,Fashion,Delhi,1,615.52,0.05,UPI,584.74,159.98,Delivered
ORD00254,2025-05-21,CUST0083,Premium,Mixer Grinder,Home & Kitchen,Jaipur,4,10159.73,0.15,Net Banking,34543.08,2573.26,Delivered
ORD00255,2025-04-30,CUST0175,New,Air Fryer,Home & Kitchen,Pune,2,1657.47,0.2,Cash on Delivery,2651.95,443.22,Delivered
ORD00256,2025-07-20,CUST0021,Returning,Yoga Mat,Sports,Bangalore,3,2443.98,0.0,Debit Card,7331.94,1812.22,Cancelled
ORD00257,2025-09-13,CUST0227,New,T-Shirt,Fashion,Hyderabad,4,2056.23,0.0,Cash on Delivery,8224.92,2526.78,Delivered
ORD00258,2025-11-06,CUST0100,Returning,Cricket Bat,Sports,Pune,4,4550.93,0.05,UPI,17293.53,6123.76,Delivered
ORD00259,2025-11-06,CUST0065,Premium,Smart Watch,Electronics,Hyderabad,4,26033.89,0.15,UPI,88515.23,29609.95,Delivered
ORD00260,2025-02-15,CUST0013,New,Yoga Mat,Sports,Jaipur,2,6639.48,0.2,Cash on Delivery,10623.17,2253.74,Delivered
ORD00261,2025-09-25,CUST0182,New,Smart Watch,Electronics,Pune,3,33245.42,0.0,Credit Card,99736.26,22853.55,Delivered
ORD00262,2025-04-14,CUST0092,Premium,Shampoo,Beauty,Bangalore,1,1629.24,0.15,Credit Card,1384.85,266.42,Delivered
ORD00263,2025-08-12,CUST0153,Returning,Sneakers,Fashion,Mumbai,1,2159.87,0.05,UPI,2051.88,746.19,Delivered
ORD00264,2025-04-21,CUST0160,Premium,Smart Watch,Electronics,Delhi,3,746.43,0.2,Debit Card,1791.43,125.54,Returned
ORD00265,2025-07-24,CUST0079,New,Football,Sports,Hyderabad,3,2632.45,0.2,UPI,6317.88,1433.6,Delivered
ORD00266,2025-10-05,CUST0233,New,T-Shirt,Fashion,Mumbai,4,1500.13,0.05,UPI,5700.49,1239.84,Delivered
ORD00267,2025-06-30,CUST0068,New,T-Shirt,Fashion,Hyderabad,2,3263.1,0.1,Debit Card,5873.58,1151.94,Delivered
ORD00268,2025-08-30,CUST0282,New,Wireless Earbuds,Electronics,Pune,4,33195.66,0.0,Credit Card,132782.64,24293.6,Delivered
ORD00269,2025-08-12,CUST0061,Premium,Power Bank,Electronics,Chennai,1,2228.54,0.05,UPI,2117.11,689.56,Delivered
ORD00270,2025-04-18,CUST0161,New,Jeans,Fashion,Bangalore,3,1229.42,0.2,Cash on Delivery,2950.61,389.48,Delivered
ORD00271,2025-11-16,CUST0187,Premium,Water Bottle,Home & Kitchen,Delhi,1,8011.63,0.15,UPI,6809.89,116.74,Returned
ORD00272,2025-10-12,CUST0059,New,Yoga Mat,Sports,Delhi,2,7379.28,0.05,Net Banking,14020.63,5840.59,Delivered
ORD00273,2025-04-04,CUST0039,Returning,Cricket Bat,Sports,Hyderabad,5,7746.31,0.05,Credit Card,36794.97,9951.29,Delivered
ORD00274,2025-09-12,CUST0171,New,Running Shoes,Sports,Mumbai,2,393.19,0.15,UPI,668.42,151.68,Cancelled
ORD00275,2025-06-22,CUST0010,Premium,Sneakers,Fashion,Chennai,3,1567.58,0.0,Credit Card,4702.74,1548.0,Delivered
ORD00276,2025-04-27,CUST0094,Premium,Cookware Set,Home & Kitchen,Delhi,1,11921.08,0.2,Credit Card,9536.86,1258.09,Delivered
ORD00277,2025-11-20,CUST0114,Premium,T-Shirt,Fashion,Mumbai,4,4022.73,0.2,Net Banking,12872.74,1299.79,Delivered
ORD00278,2025-10-05,CUST0237,New,Shampoo,Beauty,Hyderabad,1,2543.48,0.0,Debit Card,2543.48,970.06,Cancelled
ORD00279,2025-07-18,CUST0154,Premium,Bedsheet,Home & Kitchen,Pune,4,5301.77,0.05,Cash on Delivery,20146.73,3140.82,Delivered
ORD00280,2025-05-27,CUST0112,Premium,Jacket,Fashion,Hyderabad,4,2688.68,0.2,Debit Card,8603.78,781.45,Delivered
ORD00281,2025-10-10,CUST0040,New,Water Bottle,Home & Kitchen,Hyderabad,3,3754.33,0.2,Debit Card,9010.39,1261.44,Delivered
ORD00282,2025-10-06,CUST0069,New,Jacket,Fashion,Pune,1,1097.34,0.0,Cash on Delivery,1097.34,316.33,Delivered
ORD00283,2025-03-26,CUST0212,New,Bluetooth Speaker,Electronics,Bangalore,5,14988.21,0.0,UPI,74941.05,11846.42,Delivered
ORD00284,2025-12-09,CUST0030,New,Perfume,Beauty,Delhi,3,1033.74,0.15,UPI,2636.04,240.13,Delivered
ORD00285,2025-08-01,CUST0149,New,Mixer Grinder,Home & Kitchen,Jaipur,3,4640.01,0.15,UPI,11832.03,63.24,Delivered
ORD00286,2025-08-02,CUST0273,Returning,Jeans,Fashion,Hyderabad,2,495.09,0.0,Debit Card,990.18,365.72,Delivered
ORD00287,2025-03-22,CUST0088,New,Air Fryer,Home & Kitchen,Kolkata,1,6853.07,0.0,Debit Card,6853.07,1627.28,Delivered
ORD00288,2025-09-08,CUST0169,New,Mixer Grinder,Home & Kitchen,Pune,2,1727.76,0.2,UPI,2764.42,-29.39,Delivered
ORD00289,2025-07-02,CUST0192,Returning,Perfume,Beauty,Bangalore,1,598.38,0.0,Credit Card,598.38,138.75,Delivered
ORD00290,2025-11-10,CUST0289,Premium,Perfume,Beauty,Pune,3,1245.41,0.1,UPI,3362.61,367.28,Delivered
ORD00291,2025-07-12,CUST0283,Returning,Air Fryer,Home & Kitchen,Jaipur,1,9860.4,0.0,UPI,9860.4,1576.57,Delivered
ORD00292,2025-05-31,CUST0002,Premium,Bedsheet,Home & Kitchen,Bangalore,3,4939.68,0.1,Credit Card,13337.14,1339.81,Delivered
ORD00293,2025-05-04,CUST0113,New,Cookware Set,Home & Kitchen,Pune,3,10044.12,0.1,UPI,27119.12,10436.43,Delivered
ORD00294,2025-04-28,CUST0059,New,Water Bottle,Home & Kitchen,Mumbai,1,7569.12,0.2,Credit Card,6055.3,228.52,Delivered
ORD00295,2025-03-20,CUST0215,New,Air Fryer,Home & Kitchen,Bangalore,4,1143.7,0.0,Cash on Delivery,4574.8,1177.92,Delivered
ORD00296,2025-03-03,CUST0157,Premium,Running Shoes,Sports,Mumbai,2,2439.47,0.05,Net Banking,4634.99,612.7,Delivered
ORD00297,2025-08-07,CUST0177,New,Running Shoes,Sports,Bangalore,5,3407.73,0.05,Debit Card,16186.72,3214.07,Delivered
ORD00298,2025-06-03,CUST0295,New,T-Shirt,Fashion,Kolkata,2,3804.74,0.15,Net Banking,6468.06,1028.18,Delivered
ORD00299,2025-11-05,CUST0290,Returning,Mixer Grinder,Home & Kitchen,Chennai,4,1377.18,0.1,UPI,4957.85,897.4,Delivered
ORD00300,2025-03-06,CUST0083,New,T-Shirt,Fashion,Mumbai,1,3650.5,0.1,Debit Card,3285.45,980.78,Delivered
ORD00301,2025-10-11,CUST0068,Premium,Bedsheet,Home & Kitchen,Delhi,3,10631.03,0.15,Credit Card,27109.13,2859.48,Delivered
ORD00302,2025-06-15,CUST0145,Returning,Smartphone,Electronics,Bangalore,5,14386.91,0.05,Credit Card,68337.82,12817.12,Delivered
ORD00303,2025-03-14,CUST0248,New,Water Bottle,Home & Kitchen,Bangalore,1,9056.1,0.15,Debit Card,7697.68,376.77,Delivered
ORD00304,2025-02-16,CUST0063,New,Jeans,Fashion,Chennai,1,3684.64,0.2,UPI,2947.71,-48.79,Delivered
ORD00305,2025-04-04,CUST0138,Premium,Sneakers,Fashion,Kolkata,3,2511.13,0.05,Cash on Delivery,7156.72,1663.91,Delivered
ORD00306,2025-04-01,CUST0238,New,Air Fryer,Home & Kitchen,Chennai,3,9505.2,0.05,UPI,27089.82,7012.46,Delivered
ORD00307,2025-02-06,CUST0137,New,Bluetooth Speaker,Electronics,Bangalore,1,20746.6,0.0,Credit Card,20746.6,3951.02,Delivered
ORD00308,2025-04-17,CUST0037,Returning,Cricket Bat,Sports,Mumbai,4,2212.55,0.05,Cash on Delivery,8407.69,2214.06,Delivered
ORD00309,2025-07-26,CUST0129,Returning,Cookware Set,Home & Kitchen,Chennai,4,556.39,0.2,UPI,1780.45,242.9,Delivered
ORD00310,2025-01-21,CUST0242,Premium,Wireless Earbuds,Electronics,Pune,5,32394.12,0.2,Cash on Delivery,129576.48,37067.36,Delivered
ORD00311,2025-08-22,CUST0023,New,Bedsheet,Home & Kitchen,Pune,1,9728.38,0.15,UPI,8269.12,220.17,Delivered
ORD00312,2025-11-10,CUST0295,New,Face Wash,Beauty,Delhi,5,2510.13,0.15,UPI,10668.05,1384.77,Delivered
ORD00313,2025-11-09,CUST0214,New,Power Bank,Electronics,Kolkata,1,29130.28,0.2,Debit Card,23304.22,1366.72,Delivered
ORD00314,2025-05-14,CUST0108,Returning,Running Shoes,Sports,Chennai,5,2067.91,0.0,Credit Card,10339.55,2355.48,Delivered
ORD00315,2025-06-11,CUST0201,New,Power Bank,Electronics,Bangalore,3,25821.8,0.05,UPI,73592.13,22753.03,Delivered
ORD00316,2025-01-19,CUST0195,Returning,Water Bottle,Home & Kitchen,Kolkata,3,6991.37,0.2,Cash on Delivery,16779.29,2633.92,Delivered
ORD00317,2025-07-24,CUST0048,Returning,Cricket Bat,Sports,Jaipur,5,2822.15,0.0,Net Banking,14110.75,3676.9,Delivered
ORD00318,2025-11-01,CUST0103,New,T-Shirt,Fashion,Delhi,5,1348.76,0.05,Debit Card,6406.61,885.44,Delivered
ORD00319,2025-05-24,CUST0025,Returning,Mixer Grinder,Home & Kitchen,Delhi,3,8176.98,0.2,Credit Card,19624.75,1507.97,Delivered
ORD00320,2025-07-18,CUST0206,Returning,Bluetooth Speaker,Electronics,Bangalore,1,28873.62,0.1,Cash on Delivery,25986.26,9002.34,Delivered
ORD00321,2025-08-12,CUST0136,Premium,Football,Sports,Hyderabad,1,402.93,0.05,UPI,382.78,52.16,Delivered
ORD00322,2025-12-01,CUST0020,Premium,Perfume,Beauty,Bangalore,1,1704.92,0.2,UPI,1363.94,195.83,Delivered
ORD00323,2025-05-02,CUST0107,Premium,Bedsheet,Home & Kitchen,Chennai,3,1119.04,0.15,UPI,2853.55,539.58,Delivered
ORD00324,2025-05-16,CUST0201,Returning,Wireless Earbuds,Electronics,Pune,4,882.25,0.05,Credit Card,3352.55,593.43,Delivered
ORD00325,2025-03-12,CUST0092,New,Jacket,Fashion,Hyderabad,5,1045.49,0.1,Credit Card,4704.7,856.55,Delivered
ORD00326,2025-09-02,CUST0062,New,T-Shirt,Fashion,Mumbai,3,1587.86,0.2,Credit Card,3810.86,256.09,Delivered
ORD00327,2025-05-18,CUST0300,Returning,Bedsheet,Home & Kitchen,Jaipur,5,2468.86,0.1,UPI,11109.87,1130.07,Delivered
ORD00328,2025-03-03,CUST0294,Returning,Jeans,Fashion,Bangalore,2,2160.87,0.05,Net Banking,4105.65,485.98,Delivered
ORD00329,2025-12-22,CUST0278,New,Yoga Mat,Sports,Pune,4,4371.18,0.2,Cash on Delivery,13987.78,727.5,Delivered
ORD00330,2025-06-14,CUST0063,New,Perfume,Beauty,Pune,4,2354.94,0.15,Cash on Delivery,8006.8,2400.32,Delivered
ORD00331,2025-08-20,CUST0255,Premium,Air Fryer,Home & Kitchen,Jaipur,2,7671.47,0.0,Debit Card,15342.94,2771.31,Delivered
ORD00332,2025-10-03,CUST0140,New,Jeans,Fashion,Kolkata,1,3840.82,0.2,Cash on Delivery,3072.66,882.71,Delivered
ORD00333,2025-09-26,CUST0291,New,Cricket Bat,Sports,Bangalore,3,344.03,0.1,Cash on Delivery,928.88,184.38,Delivered
ORD00334,2025-07-02,CUST0207,Returning,Water Bottle,Home & Kitchen,Mumbai,3,7955.8,0.05,Credit Card,22674.03,4490.71,Delivered
ORD00335,2025-01-19,CUST0171,Returning,Dumbbells,Sports,Pune,3,3397.98,0.0,Credit Card,10193.94,4375.25,Delivered
ORD00336,2025-11-11,CUST0051,New,Moisturizer,Beauty,Mumbai,3,2624.97,0.05,Debit Card,7481.16,2342.22,Delivered
ORD00337,2025-06-04,CUST0055,Premium,Smartphone,Electronics,Jaipur,1,25227.94,0.1,Net Banking,22705.15,1645.87,Delivered
ORD00338,2025-12-05,CUST0064,Returning,Running Shoes,Sports,Delhi,1,4152.77,0.1,UPI,3737.49,584.95,Delivered
ORD00339,2025-02-28,CUST0043,Returning,Shampoo,Beauty,Jaipur,5,2053.12,0.05,Cash on Delivery,9752.32,4047.28,Delivered
ORD00340,2025-11-18,CUST0292,New,Water Bottle,Home & Kitchen,Bangalore,5,6015.4,0.2,Debit Card,24061.6,2245.25,Delivered
ORD00341,2025-05-24,CUST0235,New,Water Bottle,Home & Kitchen,Pune,2,671.4,0.0,Net Banking,1342.8,359.8,Delivered
ORD00342,2025-08-27,CUST0223,Premium,Air Fryer,Home & Kitchen,Jaipur,1,9660.86,0.1,Net Banking,8694.77,2800.04,Delivered
ORD00343,2025-12-16,CUST0011,Returning,Running Shoes,Sports,Kolkata,5,2975.8,0.15,UPI,12647.15,816.97,Delivered
ORD00344,2025-10-20,CUST0126,New,Sneakers,Fashion,Jaipur,2,2557.89,0.15,Credit Card,4348.41,861.82,Delivered
ORD00345,2025-05-05,CUST0013,New,Air Fryer,Home & Kitchen,Pune,4,3020.32,0.05,UPI,11477.22,3903.0,Delivered
ORD00346,2025-07-11,CUST0266,Returning,Shampoo,Beauty,Chennai,2,1126.54,0.1,UPI,2027.77,407.75,Delivered
ORD00347,2025-11-09,CUST0106,New,Perfume,Beauty,Mumbai,1,1540.33,0.0,Credit Card,1540.33,480.78,Delivered
ORD00348,2025-09-28,CUST0167,Returning,Yoga Mat,Sports,Jaipur,3,4722.01,0.15,Cash on Delivery,12041.13,947.5,Delivered
ORD00349,2025-02-07,CUST0211,Returning,Shampoo,Beauty,Delhi,2,706.22,0.2,Cash on Delivery,1129.95,38.85,Delivered
ORD00350,2025-03-18,CUST0188,Returning,Jacket,Fashion,Kolkata,5,2314.27,0.2,Credit Card,9257.08,-410.01,Delivered
ORD00351,2025-05-11,CUST0237,New,Face Wash,Beauty,Jaipur,3,2263.57,0.15,UPI,5772.1,1700.45,Delivered
ORD00352,2025-06-26,CUST0287,Returning,Yoga Mat,Sports,Pune,3,6349.45,0.05,UPI,18095.93,5519.88,Delivered
ORD00353,2025-01-13,CUST0045,Premium,Wireless Earbuds,Electronics,Mumbai,5,9365.76,0.05,UPI,44487.36,11398.79,Delivered
ORD00354,2025-02-27,CUST0219,New,Sunscreen,Beauty,Chennai,4,811.36,0.0,Debit Card,3245.44,920.73,Delivered
ORD00355,2025-09-29,CUST0002,Returning,Cookware Set,Home & Kitchen,Kolkata,5,9494.01,0.2,Debit Card,37976.04,5226.94,Delivered
ORD00356,2025-04-22,CUST0055,Returning,Cricket Bat,Sports,Bangalore,2,3363.57,0.2,Debit Card,5381.71,320.75,Delivered
ORD00357,2025-05-17,CUST0182,Premium,Smart Watch,Electronics,Hyderabad,5,18187.99,0.15,UPI,77298.96,19684.75,Delivered
ORD00358,2025-03-13,CUST0155,New,T-Shirt,Fashion,Delhi,4,1945.63,0.0,Debit Card,7782.52,1696.48,Delivered
ORD00359,2025-08-01,CUST0056,New,Sneakers,Fashion,Mumbai,3,3853.54,0.0,UPI,11560.62,4471.25,Delivered
ORD00360,2025-11-01,CUST0149,Premium,Football,Sports,Kolkata,1,4340.46,0.0,UPI,4340.46,1647.95,Delivered
ORD00361,2025-09-01,CUST0068,New,Moisturizer,Beauty,Delhi,3,1892.67,0.15,UPI,4826.31,258.73,Cancelled
ORD00362,2025-03-24,CUST0186,New,Backpack,Fashion,Chennai,1,447.31,0.0,UPI,447.31,154.74,Delivered
ORD00363,2025-07-27,CUST0137,New,Water Bottle,Home & Kitchen,Jaipur,2,3354.27,0.0,Debit Card,6708.54,1136.12,Delivered
ORD00364,2025-03-14,CUST0282,Returning,Yoga Mat,Sports,Jaipur,3,7331.89,0.05,Credit Card,20895.89,8765.1,Delivered
ORD00365,2025-06-30,CUST0044,New,Air Fryer,Home & Kitchen,Mumbai,3,1643.12,0.0,Cash on Delivery,4929.36,2208.04,Delivered
ORD00366,2025-05-29,CUST0116,New,Jacket,Fashion,Chennai,4,3884.34,0.0,Credit Card,15537.36,4940.61,Delivered
ORD00367,2025-03-11,CUST0113,New,Sunscreen,Beauty,Hyderabad,2,1554.54,0.15,Debit Card,2642.72,248.22,Delivered
ORD00368,2025-02-09,CUST0242,Returning,Moisturizer,Beauty,Hyderabad,4,2804.93,0.1,UPI,10097.75,2019.76,Delivered
ORD00369,2025-08-25,CUST0197,New,Air Fryer,Home & Kitchen,Jaipur,2,9425.86,0.2,Cash on Delivery,15081.38,4285.03,Delivered
ORD00370,2025-08-08,CUST0094,New,Moisturizer,Beauty,Kolkata,4,2027.35,0.15,Cash on Delivery,6892.99,2181.59,Delivered
ORD00371,2025-07-10,CUST0182,Premium,Jacket,Fashion,Kolkata,1,525.35,0.2,Cash on Delivery,420.28,34.57,Delivered
ORD00372,2025-06-15,CUST0078,Premium,Air Fryer,Home & Kitchen,Bangalore,1,9588.97,0.0,UPI,9588.97,2711.83,Delivered
ORD00373,2025-07-16,CUST0058,Returning,Dumbbells,Sports,Delhi,1,3261.51,0.2,Debit Card,2609.21,615.53,Delivered
ORD00374,2025-01-14,CUST0013,New,Cricket Bat,Sports,Hyderabad,3,3439.66,0.05,UPI,9803.03,1121.2,Delivered
ORD00375,2025-06-12,CUST0122,Returning,Bedsheet,Home & Kitchen,Jaipur,3,815.27,0.0,UPI,2445.81,624.98,Delivered
ORD00376,2025-11-10,CUST0128,Returning,Yoga Mat,Sports,Jaipur,2,7224.3,0.0,UPI,14448.6,4576.82,Delivered
ORD00377,2025-07-13,CUST0287,New,Moisturizer,Beauty,Jaipur,4,233.09,0.2,Credit Card,745.89,171.53,Delivered
ORD00378,2025-11-09,CUST0286,Returning,Mixer Grinder,Home & Kitchen,Mumbai,2,3962.69,0.15,UPI,6736.57,198.72,Delivered
ORD00379,2025-12-16,CUST0122,New,Dumbbells,Sports,Hyderabad,2,3366.35,0.1,UPI,6059.43,551.55,Delivered
ORD00380,2025-04-22,CUST0106,New,Jeans,Fashion,Delhi,2,1547.71,0.0,Debit Card,3095.42,1106.49,Delivered
ORD00381,2025-09-04,CUST0267,Returning,Face Wash,Beauty,Mumbai,5,2225.86,0.1,UPI,10016.37,734.23,Delivered
ORD00382,2025-10-06,CUST0202,Returning,Perfume,Beauty,Kolkata,1,2029.59,0.05,Credit Card,1928.11,738.53,Cancelled
ORD00383,2025-11-10,CUST0094,New,Face Wash,Beauty,Delhi,5,606.64,0.0,UPI,3033.2,639.51,Delivered
ORD00384,2025-08-02,CUST0173,New,Water Bottle,Home & Kitchen,Delhi,2,4226.79,0.1,UPI,7608.22,2362.79,Delivered
ORD00385,2025-01-18,CUST0187,Returning,Jacket,Fashion,Chennai,2,565.28,0.1,Cash on Delivery,1017.5,382.33,Delivered
ORD00386,2025-11-11,CUST0283,Returning,Cookware Set,Home & Kitchen,Jaipur,5,7183.72,0.15,Net Banking,30530.81,282.32,Delivered
ORD00387,2025-10-19,CUST0008,Premium,Perfume,Beauty,Jaipur,3,1319.91,0.0,UPI,3959.73,1518.42,Delivered
ORD00388,2025-10-12,CUST0195,Returning,Running Shoes,Sports,Kolkata,2,2512.42,0.2,Credit Card,4019.87,-56.23,Delivered
ORD00389,2025-10-08,CUST0164,New,Air Fryer,Home & Kitchen,Jaipur,5,6992.35,0.1,Debit Card,31465.58,2683.64,Delivered
ORD00390,2025-08-09,CUST0022,New,Running Shoes,Sports,Kolkata,3,4803.26,0.05,UPI,13689.29,4927.7,Delivered
ORD00391,2025-02-19,CUST0005,New,Bedsheet,Home & Kitchen,Chennai,4,7882.83,0.0,Credit Card,31531.32,12854.3,Delivered
ORD00392,2025-05-15,CUST0068,Premium,Jacket,Fashion,Chennai,2,1644.96,0.2,UPI,2631.94,-157.17,Delivered
ORD00393,2025-05-18,CUST0130,Returning,Mixer Grinder,Home & Kitchen,Jaipur,3,6232.86,0.2,Credit Card,14958.86,366.46,Delivered
ORD00394,2025-11-02,CUST0095,Returning,Football,Sports,Bangalore,3,2447.82,0.2,Net Banking,5874.77,118.56,Delivered
ORD00395,2025-10-23,CUST0171,Premium,Smart Watch,Electronics,Bangalore,2,27485.53,0.05,UPI,52222.51,7714.16,Delivered
ORD00396,2025-01-30,CUST0084,New,Sneakers,Fashion,Delhi,2,3133.51,0.0,UPI,6267.02,1536.93,Delivered
ORD00397,2025-10-30,CUST0246,New,Jacket,Fashion,Chennai,1,4738.08,0.2,UPI,3790.46,244.75,Delivered
ORD00398,2025-03-14,CUST0076,New,Sneakers,Fashion,Mumbai,2,921.83,0.05,UPI,1751.48,408.85,Delivered
ORD00399,2025-06-08,CUST0057,Premium,Jacket,Fashion,Pune,2,2620.48,0.0,Cash on Delivery,5240.96,1300.52,Delivered
ORD00400,2025-08-04,CUST0162,Premium,Running Shoes,Sports,Hyderabad,5,1577.44,0.05,UPI,7492.84,1861.31,Delivered
ORD00401,2025-06-13,CUST0148,Premium,Sunscreen,Beauty,Bangalore,5,986.06,0.15,UPI,4190.75,583.52,Delivered
ORD00402,2025-08-19,CUST0206,Returning,Football,Sports,Jaipur,5,928.84,0.15,Net Banking,3947.57,939.3,Delivered
ORD00403,2025-12-09,CUST0104,New,Running Shoes,Sports,Chennai,4,7416.76,0.05,UPI,28183.69,9034.25,Delivered
ORD00404,2025-10-15,CUST0251,Returning,Bluetooth Speaker,Electronics,Pune,1,25126.3,0.15,Credit Card,21357.36,5619.64,Delivered
ORD00405,2025-07-31,CUST0096,New,Smartphone,Electronics,Kolkata,4,21524.74,0.1,Net Banking,77489.06,23927.78,Delivered
ORD00406,2025-02-27,CUST0111,New,Air Fryer,Home & Kitchen,Mumbai,3,1325.5,0.15,Debit Card,3380.02,497.8,Delivered
ORD00407,2025-07-31,CUST0109,New,Football,Sports,Kolkata,4,3107.96,0.1,Cash on Delivery,11188.66,1864.96,Delivered
ORD00408,2025-02-21,CUST0111,Returning,Bedsheet,Home & Kitchen,Chennai,5,7544.32,0.2,UPI,30177.28,9139.68,Delivered
ORD00409,2025-05-17,CUST0020,Returning,Shampoo,Beauty,Jaipur,3,1642.16,0.05,UPI,4680.16,1530.06,Delivered
ORD00410,2025-08-18,CUST0220,Premium,Moisturizer,Beauty,Jaipur,3,1967.66,0.1,Credit Card,5312.68,1992.41,Delivered
ORD00411,2025-05-20,CUST0051,Premium,Moisturizer,Beauty,Chennai,4,2737.05,0.0,Debit Card,10948.2,2626.15,Delivered
ORD00412,2025-11-01,CUST0007,Returning,Bluetooth Speaker,Electronics,Bangalore,1,26991.89,0.15,UPI,22943.11,2626.34,Delivered
ORD00413,2025-02-23,CUST0029,New,Bluetooth Speaker,Electronics,Hyderabad,4,4831.34,0.1,UPI,17392.82,1144.12,Delivered
ORD00414,2025-08-05,CUST0106,Returning,Water Bottle,Home & Kitchen,Pune,4,11973.67,0.2,Credit Card,38315.74,-564.99,Delivered
ORD00415,2025-06-18,CUST0138,New,Shampoo,Beauty,Jaipur,1,325.12,0.05,Debit Card,308.86,58.79,Delivered
ORD00416,2025-05-12,CUST0218,New,Water Bottle,Home & Kitchen,Kolkata,4,3779.13,0.2,Debit Card,12093.22,715.22,Delivered
ORD00417,2025-10-26,CUST0283,Returning,Bluetooth Speaker,Electronics,Delhi,5,20490.47,0.1,Credit Card,92207.12,26776.91,Delivered
ORD00418,2025-02-08,CUST0039,Returning,Sunscreen,Beauty,Chennai,3,558.89,0.1,UPI,1509.0,399.94,Delivered
ORD00419,2025-09-10,CUST0257,New,Cookware Set,Home & Kitchen,Mumbai,4,7672.09,0.05,Net Banking,29153.94,9449.2,Delivered
ORD00420,2025-01-30,CUST0249,Premium,Running Shoes,Sports,Mumbai,3,610.2,0.2,Cash on Delivery,1464.48,225.54,Returned
ORD00421,2025-09-28,CUST0258,Returning,Mixer Grinder,Home & Kitchen,Pune,4,10524.34,0.2,UPI,33677.89,6983.94,Delivered
ORD00422,2025-12-30,CUST0095,Returning,Sneakers,Fashion,Hyderabad,2,1270.7,0.15,UPI,2160.19,188.98,Delivered
ORD00423,2025-07-04,CUST0085,New,Face Wash,Beauty,Jaipur,2,1585.11,0.15,Cash on Delivery,2694.69,61.46,Delivered
ORD00424,2025-08-03,CUST0197,Returning,Perfume,Beauty,Jaipur,1,190.84,0.0,Cash on Delivery,190.84,84.67,Delivered
ORD00425,2025-12-14,CUST0029,New,Cookware Set,Home & Kitchen,Chennai,5,1237.24,0.1,Credit Card,5567.58,1861.98,Delivered
ORD00426,2025-02-14,CUST0136,Returning,Dumbbells,Sports,Pune,2,4021.37,0.15,Net Banking,6836.33,1268.1,Delivered
ORD00427,2025-08-14,CUST0278,Returning,Smart Watch,Electronics,Pune,5,9552.96,0.0,Credit Card,47764.8,8346.28,Delivered
ORD00428,2025-07-07,CUST0154,Returning,Sneakers,Fashion,Chennai,1,3110.39,0.0,UPI,3110.39,525.41,Returned
ORD00429,2025-02-12,CUST0284,New,Power Bank,Electronics,Hyderabad,5,24391.91,0.1,UPI,109763.6,40967.21,Cancelled
ORD00430,2025-09-06,CUST0006,Returning,Moisturizer,Beauty,Jaipur,1,1093.77,0.15,UPI,929.7,137.94,Delivered
ORD00431,2025-10-28,CUST0175,Premium,Dumbbells,Sports,Kolkata,4,1605.18,0.05,Credit Card,6099.68,1032.1,Delivered
ORD00432,2025-08-04,CUST0233,Returning,Power Bank,Electronics,Bangalore,5,29640.8,0.05,Net Banking,140793.8,20408.85,Delivered
ORD00433,2025-01-28,CUST0180,Premium,Cookware Set,Home & Kitchen,Delhi,4,9782.48,0.15,Net Banking,33260.43,3151.18,Delivered
ORD00434,2025-06-22,CUST0046,New,Cookware Set,Home & Kitchen,Kolkata,5,7931.62,0.15,Net Banking,33709.38,41.32,Delivered
ORD00435,2025-03-05,CUST0158,Premium,Cricket Bat,Sports,Mumbai,1,7284.22,0.0,Credit Card,7284.22,2822.67,Delivered
ORD00436,2025-10-30,CUST0168,New,Bluetooth Speaker,Electronics,Kolkata,3,16880.68,0.2,Cash on Delivery,40513.63,9248.21,Delivered
ORD00437,2025-03-31,CUST0296,Returning,Moisturizer,Beauty,Pune,1,894.31,0.2,Credit Card,715.45,71.35,Delivered
ORD00438,2025-02-27,CUST0297,Returning,Sunscreen,Beauty,Delhi,4,2749.08,0.0,UPI,10996.32,2658.85,Delivered
ORD00439,2025-05-26,CUST0241,New,Football,Sports,Jaipur,3,4803.17,0.2,Credit Card,11527.61,1563.51,Delivered
ORD00440,2025-08-14,CUST0221,Returning,Smart Watch,Electronics,Bangalore,1,10150.9,0.15,Debit Card,8628.26,2674.67,Delivered
ORD00441,2025-02-03,CUST0045,Returning,Mixer Grinder,Home & Kitchen,Mumbai,3,6993.84,0.0,UPI,20981.52,7749.75,Delivered
ORD00442,2025-03-29,CUST0244,New,Power Bank,Electronics,Kolkata,2,3711.14,0.05,UPI,7051.17,1815.32,Delivered
ORD00443,2025-11-04,CUST0069,Returning,Bluetooth Speaker,Electronics,Hyderabad,4,28093.89,0.0,Cash on Delivery,112375.56,49890.1,Delivered
ORD00444,2025-01-08,CUST0067,New,Backpack,Fashion,Chennai,2,4686.01,0.2,UPI,7497.62,318.21,Delivered
ORD00445,2025-09-25,CUST0037,New,Football,Sports,Jaipur,5,1999.01,0.05,UPI,9495.3,1421.96,Delivered
ORD00446,2025-08-11,CUST0089,New,Jacket,Fashion,Hyderabad,5,1364.58,0.2,Credit Card,5458.32,1084.73,Delivered
ORD00447,2025-03-11,CUST0195,New,Bluetooth Speaker,Electronics,Mumbai,5,23739.61,0.05,UPI,112763.15,27001.65,Delivered
ORD00448,2025-05-24,CUST0216,Returning,Sunscreen,Beauty,Kolkata,3,811.84,0.15,Cash on Delivery,2070.19,533.99,Delivered
ORD00449,2025-08-20,CUST0179,New,Mixer Grinder,Home & Kitchen,Hyderabad,4,7995.28,0.1,Debit Card,28783.01,3633.34,Delivered
ORD00450,2025-02-05,CUST0006,Returning,Cookware Set,Home & Kitchen,Kolkata,5,6687.31,0.2,Cash on Delivery,26749.24,-381.0,Delivered
ORD00451,2025-10-11,CUST0075,Premium,Wireless Earbuds,Electronics,Chennai,3,23658.94,0.05,Credit Card,67427.98,23204.36,Delivered
ORD00452,2025-06-06,CUST0191,New,Football,Sports,Chennai,4,6551.99,0.1,UPI,23587.16,2857.36,Returned
ORD00453,2025-06-21,CUST0087,New,Bedsheet,Home & Kitchen,Bangalore,3,2275.64,0.0,Debit Card,6826.92,2098.3,Delivered
ORD00454,2025-02-17,CUST0224,Premium,Smartphone,Electronics,Kolkata,5,14481.5,0.0,UPI,72407.5,25895.66,Delivered
ORD00455,2025-02-19,CUST0206,New,Sunscreen,Beauty,Kolkata,1,2778.25,0.15,Net Banking,2361.51,228.89,Delivered
ORD00456,2025-12-18,CUST0189,New,Jacket,Fashion,Chennai,3,1472.13,0.2,Net Banking,3533.11,708.91,Delivered
ORD00457,2025-07-11,CUST0253,New,Yoga Mat,Sports,Chennai,4,732.45,0.0,Net Banking,2929.8,1167.59,Delivered
ORD00458,2025-01-22,CUST0291,Premium,T-Shirt,Fashion,Mumbai,1,2475.83,0.2,Debit Card,1980.66,271.36,Delivered
ORD00459,2025-12-16,CUST0081,Premium,Power Bank,Electronics,Pune,2,16410.38,0.05,UPI,31179.72,3963.2,Delivered
ORD00460,2025-12-29,CUST0100,Returning,Mixer Grinder,Home & Kitchen,Chennai,1,6977.91,0.2,Debit Card,5582.33,-60.17,Delivered
ORD00461,2025-05-12,CUST0260,New,Football,Sports,Bangalore,2,820.56,0.0,UPI,1641.12,624.36,Delivered
ORD00462,2025-03-28,CUST0056,Returning,Smart Watch,Electronics,Jaipur,4,8743.33,0.15,Cash on Delivery,29727.32,59.48,Delivered
ORD00463,2025-07-01,CUST0286,Returning,Yoga Mat,Sports,Mumbai,5,3720.21,0.05,UPI,17671.0,2543.96,Delivered
ORD00464,2025-12-29,CUST0285,Returning,Jeans,Fashion,Chennai,2,2987.18,0.0,Cash on Delivery,5974.36,1099.58,Delivered
ORD00465,2025-03-06,CUST0182,New,Shampoo,Beauty,Jaipur,3,819.05,0.15,Credit Card,2088.58,127.14,Delivered
ORD00466,2025-02-11,CUST0098,Returning,Mixer Grinder,Home & Kitchen,Chennai,3,3708.92,0.2,UPI,8901.41,-142.1,Delivered
ORD00467,2025-10-18,CUST0114,New,T-Shirt,Fashion,Hyderabad,1,1847.29,0.1,Cash on Delivery,1662.56,294.69,Delivered
ORD00468,2025-03-02,CUST0054,New,Yoga Mat,Sports,Jaipur,3,7656.95,0.2,UPI,18376.68,-181.32,Delivered
ORD00469,2025-06-30,CUST0108,New,Shampoo,Beauty,Chennai,1,1582.03,0.0,Net Banking,1582.03,330.81,Returned
ORD00470,2025-10-15,CUST0129,New,Cookware Set,Home & Kitchen,Pune,5,2260.53,0.0,Credit Card,11302.65,3379.45,Delivered
ORD00471,2025-01-27,CUST0282,Returning,Cookware Set,Home & Kitchen,Hyderabad,1,2879.95,0.05,UPI,2735.95,970.63,Delivered
ORD00472,2025-04-29,CUST0208,Returning,Mixer Grinder,Home & Kitchen,Mumbai,2,8559.69,0.05,Cash on Delivery,16263.41,6289.58,Returned
ORD00473,2025-02-01,CUST0287,Returning,Air Fryer,Home & Kitchen,Kolkata,1,2008.45,0.0,Cash on Delivery,2008.45,350.89,Delivered
ORD00474,2025-05-06,CUST0209,New,Running Shoes,Sports,Bangalore,2,5194.47,0.05,UPI,9869.49,2296.57,Delivered
ORD00475,2025-07-06,CUST0130,New,Sneakers,Fashion,Mumbai,1,3356.86,0.1,Cash on Delivery,3021.17,457.2,Delivered
ORD00476,2025-06-25,CUST0117,New,Smart Watch,Electronics,Pune,2,1569.46,0.0,Credit Card,3138.92,608.65,Delivered
ORD00477,2025-05-17,CUST0273,New,Wireless Earbuds,Electronics,Jaipur,1,8643.85,0.05,Debit Card,8211.66,2427.36,Delivered
ORD00478,2025-10-01,CUST0042,New,Sneakers,Fashion,Pune,2,1505.01,0.2,Debit Card,2408.02,252.25,Delivered
ORD00479,2025-02-16,CUST0107,New,Wireless Earbuds,Electronics,Pune,5,31235.12,0.15,UPI,132749.26,2246.0,Delivered
ORD00480,2025-06-23,CUST0092,Returning,Sunscreen,Beauty,Jaipur,2,2636.98,0.15,Credit Card,4482.87,811.06,Delivered
ORD00481,2025-11-15,CUST0131,New,T-Shirt,Fashion,Kolkata,1,4583.92,0.15,Cash on Delivery,3896.33,327.05,Delivered
ORD00482,2025-01-25,CUST0266,New,Perfume,Beauty,Jaipur,4,2831.83,0.2,Credit Card,9061.86,300.77,Delivered
ORD00483,2025-11-30,CUST0199,Returning,Running Shoes,Sports,Delhi,4,5067.87,0.0,Credit Card,20271.48,7789.56,Delivered
ORD00484,2025-02-18,CUST0140,Premium,Water Bottle,Home & Kitchen,Delhi,2,6516.87,0.1,Debit Card,11730.37,2164.31,Delivered
ORD00485,2025-03-28,CUST0079,New,Jacket,Fashion,Delhi,4,967.87,0.15,Cash on Delivery,3290.76,1098.98,Delivered
ORD00486,2025-04-10,CUST0078,Returning,Shampoo,Beauty,Mumbai,3,586.46,0.1,Net Banking,1583.44,355.91,Delivered
ORD00487,2025-02-20,CUST0071,Returning,Running Shoes,Sports,Bangalore,4,1219.23,0.15,UPI,4145.38,269.58,Delivered
ORD00488,2025-03-10,CUST0023,Returning,Air Fryer,Home & Kitchen,Delhi,3,1331.17,0.2,Debit Card,3194.81,780.55,Delivered
ORD00489,2025-02-04,CUST0119,Premium,Yoga Mat,Sports,Chennai,5,4289.19,0.0,Debit Card,21445.95,6049.4,Delivered
ORD00490,2025-09-14,CUST0268,New,Shampoo,Beauty,Mumbai,2,300.56,0.0,UPI,601.12,248.63,Delivered
ORD00491,2025-03-22,CUST0262,New,Backpack,Fashion,Bangalore,4,3239.09,0.05,Credit Card,12308.54,2354.31,Cancelled
ORD00492,2025-07-31,CUST0112,New,Smart Watch,Electronics,Pune,2,17499.66,0.1,Credit Card,31499.39,10817.9,Delivered
ORD00493,2025-08-04,CUST0135,New,Cricket Bat,Sports,Mumbai,5,2431.01,0.15,Debit Card,10331.79,2381.16,Cancelled
ORD00494,2025-10-21,CUST0051,New,Running Shoes,Sports,Jaipur,2,2733.18,0.05,UPI,5193.04,2105.1,Delivered
ORD00495,2025-09-01,CUST0298,New,Yoga Mat,Sports,Chennai,1,2121.9,0.1,Cash on Delivery,1909.71,244.23,Delivered
ORD00496,2025-12-09,CUST0287,New,Jeans,Fashion,Jaipur,3,3053.32,0.05,Net Banking,8701.96,2558.45,Delivered
ORD00497,2025-09-03,CUST0110,New,Jeans,Fashion,Jaipur,5,862.59,0.05,UPI,4097.3,927.22,Delivered
ORD00498,2025-06-13,CUST0161,Returning,Sunscreen,Beauty,Jaipur,4,433.56,0.0,Credit Card,1734.24,277.68,Returned
ORD00499,2025-11-17,CUST0140,Premium,Sneakers,Fashion,Pune,3,3551.8,0.05,UPI,10122.63,1839.84,Delivered
ORD00500,2025-04-14,CUST0186,Returning,T-Shirt,Fashion,Hyderabad,2,2917.69,0.2,Net Banking,4668.3,903.22,Delivered
ORD00501,2025-10-09,CUST0088,New,Perfume,Beauty,Kolkata,5,1668.56,0.15,Debit Card,7091.38,2303.33,Delivered
ORD00502,2025-11-29,CUST0169,New,Face Wash,Beauty,Mumbai,5,1308.29,0.2,Cash on Delivery,5233.16,362.36,Delivered
ORD00503,2025-04-18,CUST0026,Premium,Moisturizer,Beauty,Kolkata,4,1007.75,0.2,UPI,3224.8,556.68,Delivered
ORD00504,2025-03-09,CUST0104,Returning,Dumbbells,Sports,Pune,5,3709.79,0.1,UPI,16694.06,5359.53,Delivered
ORD00505,2025-09-01,CUST0182,Returning,Perfume,Beauty,Bangalore,1,1239.08,0.15,UPI,1053.22,183.87,Delivered
ORD00506,2025-11-20,CUST0181,New,Backpack,Fashion,Jaipur,5,2448.26,0.05,Debit Card,11629.24,3561.96,Cancelled
ORD00507,2025-01-10,CUST0004,Premium,Football,Sports,Jaipur,1,1876.98,0.2,Debit Card,1501.58,244.5,Delivered
ORD00508,2025-03-04,CUST0121,New,Smart Watch,Electronics,Delhi,5,8898.2,0.1,Debit Card,40041.9,7024.5,Delivered
ORD00509,2025-03-10,CUST0234,New,Yoga Mat,Sports,Jaipur,2,1326.75,0.15,UPI,2255.48,614.29,Delivered
ORD00510,2025-05-30,CUST0132,Returning,Bedsheet,Home & Kitchen,Delhi,2,10427.18,0.05,Debit Card,19811.64,4601.67,Delivered
ORD00511,2025-03-21,CUST0185,Returning,T-Shirt,Fashion,Kolkata,3,3581.91,0.1,Credit Card,9671.16,2142.88,Delivered
ORD00512,2025-11-01,CUST0076,Returning,Perfume,Beauty,Jaipur,1,2307.24,0.05,Debit Card,2191.88,325.58,Delivered
ORD00513,2025-06-14,CUST0145,Returning,Shampoo,Beauty,Pune,5,2505.42,0.15,Debit Card,10648.04,3552.9,Returned
ORD00514,2025-10-27,CUST0007,New,Cricket Bat,Sports,Pune,4,1652.68,0.15,UPI,5619.11,564.46,Returned
ORD00515,2025-01-10,CUST0128,New,Jeans,Fashion,Jaipur,2,1977.92,0.05,UPI,3758.05,1191.62,Delivered
ORD00516,2025-03-03,CUST0296,New,Bluetooth Speaker,Electronics,Kolkata,1,26969.29,0.0,UPI,26969.29,11755.44,Delivered
ORD00517,2025-04-18,CUST0266,Returning,T-Shirt,Fashion,Delhi,1,914.9,0.2,Cash on Delivery,731.92,11.35,Returned
ORD00518,2025-01-05,CUST0120,Returning,Sneakers,Fashion,Kolkata,4,3229.32,0.15,UPI,10979.69,1754.28,Delivered
ORD00519,2025-08-21,CUST0040,New,Football,Sports,Kolkata,1,3418.26,0.2,UPI,2734.61,798.2,Delivered
ORD00520,2025-07-17,CUST0087,Returning,Running Shoes,Sports,Pune,5,2736.72,0.05,Cash on Delivery,12999.42,4228.7,Cancelled
ORD00521,2025-03-04,CUST0062,Returning,Cookware Set,Home & Kitchen,Delhi,4,11540.73,0.0,UPI,46162.92,20576.71,Delivered
ORD00522,2025-07-16,CUST0158,Returning,Backpack,Fashion,Jaipur,1,4796.88,0.15,UPI,4077.35,1299.51,Delivered
ORD00523,2025-07-29,CUST0017,Premium,Moisturizer,Beauty,Bangalore,5,445.71,0.05,UPI,2117.12,830.87,Delivered
ORD00524,2025-08-02,CUST0283,New,Wireless Earbuds,Electronics,Hyderabad,4,12600.69,0.0,Debit Card,50402.76,10860.08,Delivered
ORD00525,2025-12-08,CUST0146,Returning,Yoga Mat,Sports,Jaipur,2,6079.61,0.1,Credit Card,10943.3,4222.58,Delivered
ORD00526,2025-09-11,CUST0162,New,Sneakers,Fashion,Mumbai,5,1041.47,0.05,UPI,4946.98,726.98,Delivered
ORD00527,2025-06-07,CUST0004,Returning,Mixer Grinder,Home & Kitchen,Jaipur,3,10444.6,0.1,Credit Card,28200.42,5793.45,Delivered
ORD00528,2025-03-29,CUST0217,New,Shampoo,Beauty,Delhi,4,1649.37,0.2,UPI,5277.98,1547.12,Delivered
ORD00529,2025-03-15,CUST0108,Premium,Backpack,Fashion,Hyderabad,2,3671.34,0.15,Credit Card,6241.28,55.28,Delivered
ORD00530,2025-02-13,CUST0271,New,Power Bank,Electronics,Mumbai,2,21531.23,0.05,Credit Card,40909.34,9523.58,Delivered
ORD00531,2025-06-25,CUST0145,Returning,Bedsheet,Home & Kitchen,Jaipur,2,1865.2,0.1,Cash on Delivery,3357.36,1224.32,Delivered
ORD00532,2025-07-24,CUST0211,New,T-Shirt,Fashion,Chennai,3,1647.25,0.2,Net Banking,3953.4,164.44,Delivered
ORD00533,2025-02-25,CUST0108,New,Bedsheet,Home & Kitchen,Pune,1,9661.61,0.2,Cash on Delivery,7729.29,2218.2,Delivered
ORD00534,2025-09-06,CUST0077,New,Football,Sports,Hyderabad,4,5262.53,0.0,UPI,21050.12,9087.93,Delivered
ORD00535,2025-08-04,CUST0069,Returning,Cookware Set,Home & Kitchen,Kolkata,3,5496.95,0.1,UPI,14841.76,4317.71,Delivered
ORD00536,2025-12-02,CUST0128,New,Bluetooth Speaker,Electronics,Bangalore,5,20216.12,0.05,UPI,96026.57,35690.69,Delivered
ORD00537,2025-07-19,CUST0031,New,Sneakers,Fashion,Kolkata,5,3722.19,0.05,UPI,17680.4,3917.29,Delivered
ORD00538,2025-02-14,CUST0091,Returning,Smart Watch,Electronics,Chennai,2,11772.38,0.0,Cash on Delivery,23544.76,6682.15,Delivered
ORD00539,2025-10-16,CUST0278,Returning,Face Wash,Beauty,Pune,1,1400.15,0.2,UPI,1120.12,140.2,Delivered
ORD00540,2025-03-28,CUST0225,New,Dumbbells,Sports,Chennai,2,3649.61,0.05,UPI,6934.26,1973.69,Returned
ORD00541,2025-08-19,CUST0148,Returning,Shampoo,Beauty,Bangalore,1,1655.34,0.1,UPI,1489.81,127.13,Delivered
ORD00542,2025-08-14,CUST0053,Returning,Football,Sports,Mumbai,2,1992.94,0.2,Credit Card,3188.7,836.79,Delivered
ORD00543,2025-01-03,CUST0064,Returning,Mixer Grinder,Home & Kitchen,Bangalore,5,11208.47,0.05,UPI,53240.23,16684.44,Returned
ORD00544,2025-12-04,CUST0123,Returning,Sneakers,Fashion,Bangalore,5,3736.5,0.05,Credit Card,17748.38,7107.15,Delivered
ORD00545,2025-05-06,CUST0069,Premium,Face Wash,Beauty,Mumbai,4,2748.68,0.1,Credit Card,9895.25,3146.7,Delivered
ORD00546,2025-06-26,CUST0218,Returning,Cricket Bat,Sports,Pune,4,2418.81,0.2,Debit Card,7740.19,2227.08,Returned
ORD00547,2025-02-16,CUST0013,New,Shampoo,Beauty,Kolkata,3,1049.66,0.0,Credit Card,3148.98,1405.78,Delivered
ORD00548,2025-09-21,CUST0097,Returning,Sneakers,Fashion,Jaipur,2,4177.79,0.1,UPI,7520.02,2580.47,Cancelled
ORD00549,2025-04-03,CUST0265,New,Air Fryer,Home & Kitchen,Mumbai,4,9192.41,0.05,Cash on Delivery,34931.16,8025.85,Delivered
ORD00550,2025-06-15,CUST0159,Returning,Perfume,Beauty,Delhi,5,689.91,0.0,Credit Card,3449.55,682.65,Delivered
ORD00551,2025-08-08,CUST0215,Returning,Power Bank,Electronics,Mumbai,2,10105.5,0.2,UPI,16168.8,594.84,Delivered
ORD00552,2025-03-28,CUST0153,New,Face Wash,Beauty,Bangalore,2,509.41,0.0,Debit Card,1018.82,226.41,Delivered
ORD00553,2025-10-20,CUST0103,Premium,Backpack,Fashion,Hyderabad,2,3994.73,0.05,Debit Card,7589.99,1195.73,Delivered
ORD00554,2025-02-15,CUST0216,New,Power Bank,Electronics,Hyderabad,4,33558.41,0.2,UPI,107386.91,10210.1,Delivered
ORD00555,2025-01-16,CUST0059,Returning,Yoga Mat,Sports,Chennai,2,412.78,0.1,Cash on Delivery,743.0,47.2,Delivered
ORD00556,2025-03-16,CUST0103,Premium,Smartphone,Electronics,Mumbai,2,21063.38,0.1,Credit Card,37914.08,3223.12,Cancelled
ORD00557,2025-01-02,CUST0132,Returning,Bedsheet,Home & Kitchen,Pune,1,3329.85,0.05,Net Banking,3163.36,1135.48,Cancelled
ORD00558,2025-11-10,CUST0083,Returning,Sunscreen,Beauty,Jaipur,3,1009.52,0.15,Credit Card,2574.28,777.86,Delivered
ORD00559,2025-06-30,CUST0169,New,Air Fryer,Home & Kitchen,Mumbai,5,2607.04,0.15,Debit Card,11079.92,3258.09,Cancelled
ORD00560,2025-03-14,CUST0049,New,Sunscreen,Beauty,Hyderabad,5,261.17,0.0,UPI,1305.85,238.59,Delivered
ORD00561,2025-07-30,CUST0123,Premium,Mixer Grinder,Home & Kitchen,Jaipur,2,11831.53,0.1,Credit Card,21296.75,2613.18,Delivered
ORD00562,2025-12-03,CUST0069,Premium,Running Shoes,Sports,Delhi,1,2689.86,0.05,Debit Card,2555.37,320.49,Cancelled
ORD00563,2025-05-23,CUST0120,Returning,Perfume,Beauty,Kolkata,1,2645.7,0.2,UPI,2116.56,158.86,Delivered
ORD00564,2025-03-03,CUST0102,New,Jeans,Fashion,Mumbai,4,1072.04,0.1,Net Banking,3859.34,661.73,Delivered
ORD00565,2025-04-02,CUST0052,Premium,Shampoo,Beauty,Hyderabad,1,170.07,0.2,Cash on Delivery,136.06,28.99,Delivered
ORD00566,2025-01-30,CUST0114,New,Dumbbells,Sports,Bangalore,1,7826.27,0.05,UPI,7434.96,2746.1,Delivered
ORD00567,2025-10-27,CUST0163,Returning,Yoga Mat,Sports,Delhi,3,2935.14,0.15,UPI,7484.61,1542.29,Delivered
ORD00568,2025-03-10,CUST0058,New,Smart Watch,Electronics,Mumbai,4,4828.97,0.05,Debit Card,18350.09,6314.12,Delivered
ORD00569,2025-02-22,CUST0198,Returning,Mixer Grinder,Home & Kitchen,Mumbai,3,9108.32,0.2,Cash on Delivery,21859.97,6549.22,Delivered
ORD00570,2025-04-14,CUST0046,Returning,Face Wash,Beauty,Pune,3,2187.62,0.05,UPI,6234.72,1803.38,Delivered
ORD00571,2025-10-03,CUST0281,Returning,Sneakers,Fashion,Bangalore,4,3785.76,0.05,Cash on Delivery,14385.89,5318.94,Cancelled
ORD00572,2025-06-19,CUST0167,Returning,Bedsheet,Home & Kitchen,Delhi,2,533.68,0.1,Credit Card,960.62,227.75,Delivered
ORD00573,2025-06-26,CUST0282,Returning,Mixer Grinder,Home & Kitchen,Kolkata,2,3026.32,0.15,Cash on Delivery,5144.74,1177.14,Delivered
ORD00574,2025-05-24,CUST0205,Premium,Power Bank,Electronics,Mumbai,3,16069.33,0.05,Credit Card,45797.59,16329.16,Delivered
ORD00575,2025-03-13,CUST0273,Returning,Smartphone,Electronics,Pune,2,32144.73,0.05,UPI,61074.99,11854.35,Delivered
ORD00576,2025-07-02,CUST0251,New,Jacket,Fashion,Hyderabad,3,3305.1,0.05,Credit Card,9419.53,1199.94,Delivered
ORD00577,2025-04-30,CUST0247,New,Cricket Bat,Sports,Delhi,2,5770.25,0.1,Debit Card,10386.45,2248.3,Delivered
ORD00578,2025-05-09,CUST0091,New,T-Shirt,Fashion,Pune,5,1204.01,0.1,Cash on Delivery,5418.04,1663.72,Delivered
ORD00579,2025-11-10,CUST0174,Returning,Yoga Mat,Sports,Jaipur,5,2848.04,0.1,UPI,12816.18,2705.74,Returned
ORD00580,2025-09-15,CUST0152,New,Shampoo,Beauty,Chennai,2,2786.43,0.0,Cash on Delivery,5572.86,893.42,Delivered
ORD00581,2025-10-21,CUST0087,New,Backpack,Fashion,Delhi,1,1134.47,0.0,Credit Card,1134.47,469.12,Delivered
ORD00582,2025-06-17,CUST0244,New,Sneakers,Fashion,Kolkata,4,2269.73,0.15,Cash on Delivery,7717.08,2503.96,Delivered
ORD00583,2025-06-10,CUST0094,New,Yoga Mat,Sports,Bangalore,5,7544.75,0.1,Net Banking,33951.38,6781.49,Delivered
ORD00584,2025-01-21,CUST0058,New,Mixer Grinder,Home & Kitchen,Pune,1,463.97,0.1,Net Banking,417.57,32.62,Delivered
ORD00585,2025-06-18,CUST0225,Returning,Sunscreen,Beauty,Pune,2,355.81,0.0,Cash on Delivery,711.62,212.8,Delivered
ORD00586,2025-12-25,CUST0205,New,Face Wash,Beauty,Chennai,3,388.8,0.15,Cash on Delivery,991.44,83.09,Delivered
ORD00587,2025-11-28,CUST0205,Premium,Running Shoes,Sports,Kolkata,1,4164.4,0.05,Net Banking,3956.18,829.63,Delivered
ORD00588,2025-01-15,CUST0292,New,Face Wash,Beauty,Pune,2,440.39,0.2,UPI,704.62,-33.69,Delivered
ORD00589,2025-03-01,CUST0016,Returning,Smartphone,Electronics,Mumbai,1,30667.16,0.05,Debit Card,29133.8,4294.05,Delivered
ORD00590,2025-07-05,CUST0093,New,Yoga Mat,Sports,Bangalore,5,907.76,0.0,Cash on Delivery,4538.8,1396.3,Delivered
ORD00591,2025-01-17,CUST0019,New,Cricket Bat,Sports,Bangalore,1,4075.41,0.05,Debit Card,3871.64,911.38,Cancelled
ORD00592,2025-08-06,CUST0253,New,Jacket,Fashion,Delhi,2,2964.23,0.05,UPI,5632.04,996.28,Delivered
ORD00593,2025-08-16,CUST0273,New,Cookware Set,Home & Kitchen,Chennai,4,3697.23,0.1,Credit Card,13310.03,3191.59,Cancelled
ORD00594,2025-04-13,CUST0055,Returning,Face Wash,Beauty,Chennai,4,737.07,0.2,Net Banking,2358.62,718.36,Delivered
ORD00595,2025-10-12,CUST0106,New,Cricket Bat,Sports,Chennai,2,6600.91,0.05,Credit Card,12541.73,3582.11,Delivered
ORD00596,2025-02-06,CUST0282,Returning,Backpack,Fashion,Bangalore,3,3083.07,0.0,Net Banking,9249.21,3269.97,Delivered
ORD00597,2025-10-14,CUST0100,Returning,Shampoo,Beauty,Bangalore,5,1654.99,0.15,UPI,7033.71,2472.76,Returned
ORD00598,2025-03-25,CUST0271,Returning,Air Fryer,Home & Kitchen,Chennai,5,2648.34,0.05,Net Banking,12579.62,4522.06,Delivered
ORD00599,2025-08-17,CUST0274,New,Cookware Set,Home & Kitchen,Mumbai,4,6534.31,0.05,UPI,24830.38,9604.91,Delivered
ORD00600,2025-03-19,CUST0075,New,Sneakers,Fashion,Pune,3,4970.46,0.15,Debit Card,12674.67,2056.8,Delivered
ORD00601,2025-11-30,CUST0009,New,Air Fryer,Home & Kitchen,Bangalore,4,2111.0,0.05,UPI,8021.8,1528.56,Delivered
ORD00602,2025-08-14,CUST0006,Returning,Jeans,Fashion,Bangalore,3,643.0,0.0,Cash on Delivery,1929.0,836.51,Delivered
ORD00603,2025-05-22,CUST0158,Returning,Sunscreen,Beauty,Chennai,5,1095.22,0.0,UPI,5476.1,1644.29,Delivered
ORD00604,2025-10-01,CUST0044,New,Cookware Set,Home & Kitchen,Bangalore,2,1382.44,0.1,UPI,2488.39,437.95,Delivered
ORD00605,2025-07-29,CUST0206,New,Sunscreen,Beauty,Jaipur,2,2772.11,0.1,Debit Card,4989.8,664.29,Cancelled
ORD00606,2025-10-13,CUST0103,Returning,Dumbbells,Sports,Mumbai,3,3387.47,0.15,UPI,8638.05,692.55,Delivered
ORD00607,2025-12-30,CUST0112,Returning,Jacket,Fashion,Chennai,4,4123.1,0.2,Net Banking,13193.92,3522.59,Returned
ORD00608,2025-12-26,CUST0263,Returning,Water Bottle,Home & Kitchen,Kolkata,2,2341.63,0.05,UPI,4449.1,688.71,Delivered
ORD00609,2025-10-08,CUST0078,New,Sneakers,Fashion,Bangalore,3,3806.34,0.05,Cash on Delivery,10848.07,3987.97,Delivered
ORD00610,2025-07-25,CUST0240,New,Cookware Set,Home & Kitchen,Chennai,3,4983.86,0.1,Credit Card,13456.42,2453.93,Delivered
ORD00611,2025-08-09,CUST0222,Returning,Yoga Mat,Sports,Kolkata,2,3857.7,0.15,UPI,6558.09,43.0,Delivered
ORD00612,2025-05-07,CUST0104,Returning,Smartphone,Electronics,Jaipur,5,20966.71,0.15,Cash on Delivery,89108.52,12366.39,Delivered
ORD00613,2025-04-08,CUST0137,New,Water Bottle,Home & Kitchen,Bangalore,5,2727.88,0.0,Net Banking,13639.4,4369.59,Cancelled
ORD00614,2025-10-29,CUST0278,Returning,Running Shoes,Sports,Jaipur,3,5677.2,0.15,UPI,14476.86,1675.64,Delivered
ORD00615,2025-03-20,CUST0236,Returning,Mixer Grinder,Home & Kitchen,Delhi,5,2214.31,0.1,Credit Card,9964.4,3830.16,Delivered
ORD00616,2025-12-07,CUST0197,New,Sunscreen,Beauty,Jaipur,4,940.94,0.0,Debit Card,3763.76,876.73,Delivered
ORD00617,2025-01-12,CUST0177,New,Yoga Mat,Sports,Bangalore,2,890.77,0.0,Credit Card,1781.54,293.56,Delivered
ORD00618,2025-10-18,CUST0180,Returning,Sunscreen,Beauty,Bangalore,1,842.9,0.15,Cash on Delivery,716.46,25.2,Delivered
ORD00619,2025-01-07,CUST0128,New,Sunscreen,Beauty,Kolkata,1,2943.02,0.05,Net Banking,2795.87,550.58,Delivered
ORD00620,2025-06-01,CUST0145,Returning,T-Shirt,Fashion,Kolkata,5,2507.74,0.2,Credit Card,10030.96,600.82,Delivered
ORD00621,2025-01-23,CUST0224,Premium,Perfume,Beauty,Bangalore,1,1166.8,0.15,Credit Card,991.78,29.43,Delivered
ORD00622,2025-10-26,CUST0099,Premium,Dumbbells,Sports,Kolkata,2,6672.6,0.1,Debit Card,12010.68,4245.46,Delivered
ORD00623,2025-12-03,CUST0298,New,Air Fryer,Home & Kitchen,Chennai,2,3413.46,0.0,Credit Card,6826.92,1582.61,Delivered
ORD00624,2025-07-27,CUST0019,Returning,Shampoo,Beauty,Jaipur,3,1405.07,0.2,UPI,3372.17,316.48,Cancelled
ORD00625,2025-03-20,CUST0073,New,Dumbbells,Sports,Jaipur,2,7543.31,0.15,Credit Card,12823.63,3597.17,Delivered
ORD00626,2025-08-18,CUST0182,New,Smartphone,Electronics,Pune,2,28048.65,0.15,Net Banking,47682.7,8998.94,Delivered
ORD00627,2025-04-02,CUST0070,Returning,Smartphone,Electronics,Pune,3,6904.0,0.05,UPI,19676.4,2806.67,Delivered
ORD00628,2025-06-27,CUST0162,Premium,Sneakers,Fashion,Jaipur,3,4421.18,0.15,Credit Card,11274.01,3849.8,Delivered
ORD00629,2025-11-08,CUST0135,New,Water Bottle,Home & Kitchen,Pune,2,10140.83,0.0,Credit Card,20281.66,8926.83,Delivered
ORD00630,2025-02-14,CUST0108,New,Shampoo,Beauty,Chennai,4,2948.41,0.0,Net Banking,11793.64,1952.32,Delivered
ORD00631,2025-12-23,CUST0145,New,Shampoo,Beauty,Chennai,3,1429.89,0.0,Debit Card,4289.67,1011.56,Cancelled
ORD00632,2025-08-28,CUST0180,New,Bedsheet,Home & Kitchen,Kolkata,3,5945.17,0.1,UPI,16051.96,1049.95,Delivered
ORD00633,2025-01-24,CUST0025,New,Smart Watch,Electronics,Mumbai,1,2956.88,0.0,Cash on Delivery,2956.88,473.67,Delivered
ORD00634,2025-08-08,CUST0141,Premium,Smartphone,Electronics,Mumbai,1,29549.98,0.15,Net Banking,25117.48,3028.28,Delivered
ORD00635,2025-12-25,CUST0015,Returning,Smart Watch,Electronics,Mumbai,3,1744.7,0.2,UPI,4187.28,942.82,Delivered
ORD00636,2025-01-19,CUST0102,New,Air Fryer,Home & Kitchen,Pune,5,9572.72,0.2,Credit Card,38290.88,-2372.51,Delivered
ORD00637,2025-12-25,CUST0194,Returning,Air Fryer,Home & Kitchen,Mumbai,1,2879.12,0.1,Net Banking,2591.21,429.58,Delivered
ORD00638,2025-09-19,CUST0018,Returning,Bluetooth Speaker,Electronics,Bangalore,1,12238.3,0.0,UPI,12238.3,2950.55,Delivered
ORD00639,2025-04-03,CUST0145,New,Dumbbells,Sports,Delhi,4,4809.54,0.1,Credit Card,17314.34,2341.25,Delivered
ORD00640,2025-03-30,CUST0154,Returning,Running Shoes,Sports,Hyderabad,4,3042.69,0.2,Credit Card,9736.61,997.58,Delivered
ORD00641,2025-10-02,CUST0066,Returning,Face Wash,Beauty,Hyderabad,4,371.96,0.2,Credit Card,1190.27,206.59,Delivered
ORD00642,2025-11-30,CUST0152,Returning,Power Bank,Electronics,Bangalore,5,25362.37,0.05,Cash on Delivery,120471.26,41218.13,Delivered
ORD00643,2025-02-26,CUST0203,Returning,Water Bottle,Home & Kitchen,Mumbai,5,3248.38,0.1,UPI,14617.71,2850.83,Delivered
ORD00644,2025-09-06,CUST0237,New,Water Bottle,Home & Kitchen,Delhi,4,6581.25,0.1,UPI,23692.5,7670.9,Delivered
ORD00645,2025-09-03,CUST0227,Returning,Wireless Earbuds,Electronics,Hyderabad,2,13434.59,0.1,Net Banking,24182.26,6940.02,Delivered
ORD00646,2025-10-19,CUST0052,Returning,Jacket,Fashion,Pune,4,727.11,0.05,Credit Card,2763.02,514.83,Delivered
ORD00647,2025-09-28,CUST0259,Returning,T-Shirt,Fashion,Chennai,5,4571.59,0.0,Cash on Delivery,22857.95,7494.6,Delivered
ORD00648,2025-03-23,CUST0105,New,Air Fryer,Home & Kitchen,Jaipur,2,10813.58,0.0,Debit Card,21627.16,4159.03,Delivered
ORD00649,2025-09-14,CUST0213,Returning,Cookware Set,Home & Kitchen,Kolkata,2,2052.39,0.2,UPI,3283.82,661.47,Delivered
ORD00650,2025-09-27,CUST0292,New,Perfume,Beauty,Jaipur,2,2271.66,0.0,Cash on Delivery,4543.32,1866.87,Delivered
ORD00651,2025-03-16,CUST0163,New,Dumbbells,Sports,Pune,2,2249.65,0.05,Credit Card,4274.34,1087.6,Delivered
ORD00652,2025-07-23,CUST0042,Returning,Jacket,Fashion,Jaipur,3,3535.93,0.15,Credit Card,9016.62,639.81,Delivered
ORD00653,2025-08-19,CUST0091,New,Sneakers,Fashion,Mumbai,5,2050.8,0.05,Cash on Delivery,9741.3,2925.0,Delivered
ORD00654,2025-04-15,CUST0150,New,Wireless Earbuds,Electronics,Mumbai,3,9863.77,0.15,Cash on Delivery,25152.61,6859.36,Delivered
ORD00655,2025-06-14,CUST0125,Returning,Power Bank,Electronics,Mumbai,5,24893.72,0.0,Cash on Delivery,124468.6,22895.72,Delivered
ORD00656,2025-05-12,CUST0037,Returning,Dumbbells,Sports,Delhi,4,7703.89,0.15,UPI,26193.23,7177.54,Cancelled
ORD00657,2025-05-05,CUST0042,Returning,Football,Sports,Hyderabad,1,3702.69,0.05,Debit Card,3517.56,1355.29,Delivered
ORD00658,2025-08-24,CUST0281,New,Mixer Grinder,Home & Kitchen,Chennai,2,8781.7,0.0,Credit Card,17563.4,4808.78,Delivered
ORD00659,2025-06-18,CUST0062,Premium,Smart Watch,Electronics,Chennai,1,2867.36,0.1,Credit Card,2580.62,485.88,Delivered
ORD00660,2025-07-23,CUST0104,New,Cricket Bat,Sports,Pune,5,2511.76,0.15,Credit Card,10674.98,728.34,Delivered
ORD00661,2025-07-07,CUST0138,Returning,Jeans,Fashion,Mumbai,2,651.83,0.0,Cash on Delivery,1303.66,398.18,Delivered
ORD00662,2025-03-21,CUST0271,New,Smartphone,Electronics,Kolkata,2,14773.04,0.15,Net Banking,25114.17,5331.78,Delivered
ORD00663,2025-04-09,CUST0123,Returning,Football,Sports,Delhi,2,1440.06,0.2,Debit Card,2304.1,219.06,Delivered
ORD00664,2025-01-20,CUST0048,Returning,Backpack,Fashion,Pune,2,2998.27,0.2,UPI,4797.23,1319.66,Delivered
ORD00665,2025-12-16,CUST0278,New,Shampoo,Beauty,Mumbai,1,2599.58,0.15,UPI,2209.64,374.08,Returned
ORD00666,2025-11-26,CUST0046,New,Jacket,Fashion,Bangalore,2,4826.1,0.2,UPI,7721.76,1290.62,Delivered
ORD00667,2025-11-26,CUST0154,Returning,Bedsheet,Home & Kitchen,Chennai,4,2164.92,0.15,UPI,7360.73,221.48,Delivered
ORD00668,2025-10-02,CUST0179,New,Jacket,Fashion,Kolkata,4,2734.54,0.05,Credit Card,10391.25,2957.94,Delivered
ORD00669,2025-06-18,CUST0023,Returning,Power Bank,Electronics,Delhi,2,22442.41,0.0,UPI,44884.82,7301.41,Delivered
ORD00670,2025-11-11,CUST0297,Returning,Smart Watch,Electronics,Chennai,1,9754.36,0.2,UPI,7803.49,294.08,Delivered
ORD00671,2025-05-18,CUST0270,New,Jacket,Fashion,Pune,1,537.04,0.0,Cash on Delivery,537.04,229.56,Delivered
ORD00672,2025-09-27,CUST0031,Returning,Cookware Set,Home & Kitchen,Mumbai,1,8014.48,0.1,Cash on Delivery,7213.03,1658.08,Delivered
ORD00673,2025-08-24,CUST0228,Returning,T-Shirt,Fashion,Bangalore,3,1456.69,0.15,UPI,3714.56,486.56,Delivered
ORD00674,2025-07-22,CUST0136,Returning,Running Shoes,Sports,Hyderabad,3,7829.47,0.15,Debit Card,19965.15,5528.99,Delivered
ORD00675,2025-03-14,CUST0004,Returning,Moisturizer,Beauty,Pune,4,749.29,0.15,Debit Card,2547.59,345.68,Delivered
ORD00676,2025-03-18,CUST0077,New,Jeans,Fashion,Pune,4,830.19,0.05,Credit Card,3154.72,1200.03,Cancelled
ORD00677,2025-06-01,CUST0158,New,Cricket Bat,Sports,Chennai,5,4865.97,0.15,Cash on Delivery,20680.37,6770.59,Delivered
ORD00678,2025-11-30,CUST0059,Returning,T-Shirt,Fashion,Kolkata,4,2579.36,0.1,UPI,9285.7,2162.1,Delivered
ORD00679,2025-10-06,CUST0206,Premium,Power Bank,Electronics,Pune,3,11643.21,0.15,Debit Card,29690.19,3750.29,Delivered
ORD00680,2025-02-21,CUST0088,New,Shampoo,Beauty,Mumbai,1,1864.81,0.15,Credit Card,1585.09,315.5,Delivered
ORD00681,2025-12-11,CUST0008,New,Wireless Earbuds,Electronics,Jaipur,2,29339.02,0.0,Cash on Delivery,58678.04,21067.62,Delivered
ORD00682,2025-01-10,CUST0049,Returning,Yoga Mat,Sports,Delhi,4,2147.61,0.05,UPI,8160.92,2393.75,Delivered
ORD00683,2025-04-21,CUST0076,Returning,Bedsheet,Home & Kitchen,Pune,3,10025.58,0.0,UPI,30076.74,10040.97,Delivered
ORD00684,2025-11-03,CUST0052,New,T-Shirt,Fashion,Hyderabad,2,1686.5,0.1,Cash on Delivery,3035.7,304.6,Delivered
ORD00685,2025-06-01,CUST0243,Returning,Mixer Grinder,Home & Kitchen,Mumbai,5,8495.32,0.1,UPI,38228.94,5530.03,Delivered
ORD00686,2025-03-04,CUST0025,Returning,Bluetooth Speaker,Electronics,Delhi,4,15988.53,0.05,Credit Card,60756.41,6456.66,Delivered
ORD00687,2025-09-14,CUST0209,Returning,Smartphone,Electronics,Jaipur,1,32689.83,0.1,Cash on Delivery,29420.85,4287.06,Delivered
ORD00688,2025-09-14,CUST0186,Returning,Power Bank,Electronics,Kolkata,1,16743.78,0.05,Credit Card,15906.59,2237.78,Delivered
ORD00689,2025-08-03,CUST0023,Returning,Sunscreen,Beauty,Kolkata,3,523.39,0.05,UPI,1491.66,513.93,Cancelled
ORD00690,2025-07-11,CUST0160,New,Yoga Mat,Sports,Pune,1,748.72,0.0,Credit Card,748.72,208.65,Delivered
ORD00691,2025-03-14,CUST0052,Returning,Moisturizer,Beauty,Delhi,3,202.32,0.1,UPI,546.26,160.9,Delivered
ORD00692,2025-03-11,CUST0104,New,Shampoo,Beauty,Chennai,5,1838.58,0.05,Net Banking,8733.25,1872.87,Delivered
ORD00693,2025-10-22,CUST0156,Returning,Jacket,Fashion,Kolkata,2,1838.61,0.0,UPI,3677.22,1384.75,Delivered
ORD00694,2025-04-02,CUST0279,Premium,Air Fryer,Home & Kitchen,Pune,4,6350.28,0.15,Credit Card,21590.95,5129.3,Delivered
ORD00695,2025-11-23,CUST0242,Returning,Cookware Set,Home & Kitchen,Chennai,1,1264.47,0.0,Credit Card,1264.47,387.42,Delivered
ORD00696,2025-10-04,CUST0180,New,Sneakers,Fashion,Delhi,1,4387.53,0.0,Debit Card,4387.53,1808.17,Cancelled
ORD00697,2025-04-28,CUST0192,Returning,Dumbbells,Sports,Bangalore,4,5057.16,0.1,Credit Card,18205.78,6449.14,Cancelled
ORD00698,2025-03-14,CUST0123,Returning,Face Wash,Beauty,Bangalore,2,1805.76,0.05,Credit Card,3430.94,507.91,Delivered
ORD00699,2025-08-07,CUST0122,New,Shampoo,Beauty,Mumbai,5,839.03,0.1,Net Banking,3775.64,352.19,Delivered
ORD00700,2025-05-03,CUST0196,New,Jacket,Fashion,Kolkata,5,2229.76,0.0,Credit Card,11148.8,1734.37,Delivered
ORD00701,2025-09-14,CUST0189,Returning,T-Shirt,Fashion,Bangalore,2,1066.69,0.1,Credit Card,1920.04,674.33,Delivered
ORD00702,2025-05-18,CUST0102,New,Bluetooth Speaker,Electronics,Delhi,2,26979.19,0.1,UPI,48562.54,12911.95,Delivered
ORD00703,2025-10-23,CUST0006,New,Football,Sports,Hyderabad,2,3250.37,0.05,UPI,6175.7,2267.26,Delivered
ORD00704,2025-12-31,CUST0090,Premium,Yoga Mat,Sports,Jaipur,3,1078.96,0.0,Cash on Delivery,3236.88,511.37,Delivered
ORD00705,2025-05-04,CUST0010,Returning,Jacket,Fashion,Kolkata,2,3019.59,0.1,UPI,5435.26,2096.84,Delivered
ORD00706,2025-11-16,CUST0199,Returning,Power Bank,Electronics,Jaipur,2,24568.74,0.0,UPI,49137.48,15713.45,Delivered
ORD00707,2025-03-15,CUST0187,Returning,Cookware Set,Home & Kitchen,Hyderabad,4,2278.76,0.2,Net Banking,7292.03,1074.97,Delivered
ORD00708,2025-07-24,CUST0214,Returning,Backpack,Fashion,Chennai,3,2444.61,0.1,UPI,6600.45,2147.91,Delivered
ORD00709,2025-03-05,CUST0048,New,Cookware Set,Home & Kitchen,Delhi,2,5541.06,0.2,UPI,8865.7,2351.12,Delivered
ORD00710,2025-12-23,CUST0297,Returning,Sunscreen,Beauty,Delhi,1,2311.4,0.0,Net Banking,2311.4,1002.98,Delivered
ORD00711,2025-08-22,CUST0131,New,Wireless Earbuds,Electronics,Hyderabad,1,12396.99,0.0,UPI,12396.99,3745.94,Delivered
ORD00712,2025-02-18,CUST0131,Returning,Jeans,Fashion,Mumbai,1,4087.45,0.15,Cash on Delivery,3474.33,867.04,Delivered
ORD00713,2025-05-05,CUST0192,New,Backpack,Fashion,Chennai,1,4847.58,0.1,UPI,4362.82,1169.36,Delivered
ORD00714,2025-01-27,CUST0214,New,Smart Watch,Electronics,Mumbai,1,18950.58,0.15,UPI,16107.99,1689.25,Delivered
ORD00715,2025-03-21,CUST0135,Premium,Face Wash,Beauty,Hyderabad,3,686.9,0.2,Debit Card,1648.56,465.28,Returned
ORD00716,2025-04-27,CUST0043,Returning,Water Bottle,Home & Kitchen,Bangalore,1,4936.44,0.2,UPI,3949.15,1044.27,Delivered
ORD00717,2025-03-22,CUST0173,Returning,Power Bank,Electronics,Kolkata,5,17722.92,0.05,Cash on Delivery,84183.87,33425.6,Delivered
ORD00718,2025-03-26,CUST0137,Returning,Face Wash,Beauty,Pune,3,2016.1,0.2,UPI,4838.64,1159.07,Delivered
ORD00719,2025-07-14,CUST0158,New,Cookware Set,Home & Kitchen,Bangalore,3,6374.21,0.05,Debit Card,18166.5,5937.55,Delivered
ORD00720,2025-07-22,CUST0031,New,Air Fryer,Home & Kitchen,Jaipur,2,6171.53,0.2,UPI,9874.45,1007.87,Delivered
ORD00721,2025-11-01,CUST0050,Returning,Running Shoes,Sports,Hyderabad,3,5989.75,0.0,Credit Card,17969.25,3261.24,Delivered
ORD00722,2025-05-25,CUST0090,New,Football,Sports,Pune,4,1969.47,0.1,UPI,7090.09,463.21,Delivered
ORD00723,2025-10-27,CUST0160,Returning,Football,Sports,Jaipur,2,4036.47,0.1,Credit Card,7265.65,2087.44,Delivered
ORD00724,2025-04-18,CUST0074,Returning,Shampoo,Beauty,Jaipur,4,2011.44,0.1,Debit Card,7241.18,1478.08,Delivered
ORD00725,2025-10-20,CUST0285,New,Power Bank,Electronics,Hyderabad,2,6990.8,0.1,UPI,12583.44,4796.89,Delivered
ORD00726,2025-12-07,CUST0233,New,Jeans,Fashion,Pune,2,745.66,0.1,Cash on Delivery,1342.19,94.41,Delivered
ORD00727,2025-11-12,CUST0244,New,Cricket Bat,Sports,Bangalore,3,3666.04,0.1,Net Banking,9898.31,974.43,Returned
ORD00728,2025-02-24,CUST0161,Returning,Wireless Earbuds,Electronics,Chennai,4,2076.27,0.0,UPI,8305.08,2781.7,Delivered
ORD00729,2025-07-06,CUST0052,New,Wireless Earbuds,Electronics,Hyderabad,2,17752.84,0.05,UPI,33730.4,8405.8,Delivered
ORD00730,2025-11-23,CUST0191,New,Dumbbells,Sports,Pune,1,5525.68,0.2,UPI,4420.54,-206.38,Delivered
ORD00731,2025-05-12,CUST0121,New,Shampoo,Beauty,Mumbai,5,756.27,0.0,UPI,3781.35,737.0,Delivered
ORD00732,2025-06-22,CUST0248,New,Smart Watch,Electronics,Kolkata,2,9399.02,0.0,Credit Card,18798.04,3211.93,Delivered
ORD00733,2025-05-17,CUST0106,Returning,Shampoo,Beauty,Jaipur,2,831.75,0.0,Net Banking,1663.5,720.44,Delivered
ORD00734,2025-05-07,CUST0021,New,Football,Sports,Kolkata,2,5870.14,0.0,UPI,11740.28,3027.29,Delivered
ORD00735,2025-09-15,CUST0275,Returning,Bluetooth Speaker,Electronics,Mumbai,4,27764.09,0.05,Debit Card,105503.54,16743.94,Delivered
ORD00736,2025-06-03,CUST0228,Premium,Yoga Mat,Sports,Delhi,4,6302.39,0.15,Debit Card,21428.13,2239.09,Cancelled
ORD00737,2025-04-20,CUST0037,New,Yoga Mat,Sports,Delhi,5,1752.47,0.15,UPI,7448.0,1239.22,Delivered
ORD00738,2025-07-03,CUST0270,Returning,Running Shoes,Sports,Jaipur,1,2933.57,0.15,UPI,2493.53,846.89,Delivered
ORD00739,2025-05-29,CUST0278,New,Moisturizer,Beauty,Delhi,3,2807.73,0.1,Debit Card,7580.87,1165.36,Delivered
ORD00740,2025-01-06,CUST0297,Returning,Face Wash,Beauty,Bangalore,2,1241.37,0.2,Cash on Delivery,1986.19,231.99,Delivered
ORD00741,2025-07-02,CUST0168,New,Smartphone,Electronics,Mumbai,5,31122.11,0.1,Debit Card,140049.5,43665.22,Delivered
ORD00742,2025-06-09,CUST0038,Returning,Smartphone,Electronics,Jaipur,1,29533.7,0.1,Credit Card,26580.33,7715.77,Delivered
ORD00743,2025-09-25,CUST0169,Returning,Face Wash,Beauty,Delhi,3,2789.9,0.0,Credit Card,8369.7,3290.57,Delivered
ORD00744,2025-06-22,CUST0017,Returning,Jacket,Fashion,Chennai,2,1069.61,0.05,Net Banking,2032.26,783.38,Delivered
ORD00745,2025-04-08,CUST0183,New,Cookware Set,Home & Kitchen,Pune,3,7592.78,0.05,Cash on Delivery,21639.42,6036.09,Delivered
ORD00746,2025-05-03,CUST0171,Returning,Smart Watch,Electronics,Bangalore,4,17284.81,0.05,Cash on Delivery,65682.28,11497.75,Delivered
ORD00747,2025-08-04,CUST0069,New,Perfume,Beauty,Chennai,5,463.99,0.0,UPI,2319.95,596.96,Delivered
ORD00748,2025-03-18,CUST0288,Returning,Power Bank,Electronics,Chennai,2,22748.11,0.05,Net Banking,43221.41,6310.77,Delivered
ORD00749,2025-05-11,CUST0067,Returning,Jacket,Fashion,Bangalore,1,3058.23,0.2,Credit Card,2446.58,497.03,Delivered
ORD00750,2025-10-23,CUST0220,Premium,Air Fryer,Home & Kitchen,Bangalore,2,6141.14,0.1,Cash on Delivery,11054.05,3674.62,Delivered
ORD00751,2025-03-25,CUST0077,Premium,Mixer Grinder,Home & Kitchen,Pune,3,8234.03,0.2,UPI,19761.67,1065.64,Delivered
ORD00752,2025-03-18,CUST0206,New,Perfume,Beauty,Chennai,4,1119.62,0.1,Credit Card,4030.63,1546.17,Delivered
ORD00753,2025-05-04,CUST0019,New,Football,Sports,Jaipur,2,5653.49,0.2,Debit Card,9045.58,656.56,Delivered
ORD00754,2025-09-21,CUST0086,New,Cricket Bat,Sports,Jaipur,3,1375.85,0.0,Credit Card,4127.55,701.26,Delivered
ORD00755,2025-04-22,CUST0300,New,Backpack,Fashion,Mumbai,3,4607.24,0.1,Cash on Delivery,12439.55,2079.04,Delivered
ORD00756,2025-09-06,CUST0076,Returning,Cookware Set,Home & Kitchen,Delhi,1,7313.34,0.15,Cash on Delivery,6216.34,566.85,Delivered
ORD00757,2025-03-21,CUST0015,New,Smartphone,Electronics,Pune,1,26369.27,0.2,Credit Card,21095.42,1824.73,Delivered
ORD00758,2025-09-26,CUST0087,Returning,Sunscreen,Beauty,Pune,1,2029.36,0.05,Cash on Delivery,1927.89,639.73,Delivered
ORD00759,2025-06-22,CUST0141,Premium,Dumbbells,Sports,Chennai,2,2873.46,0.1,UPI,5172.23,924.29,Delivered
ORD00760,2025-02-02,CUST0260,Returning,Smart Watch,Electronics,Bangalore,3,1146.25,0.2,Debit Card,2751.0,834.53,Delivered
ORD00761,2025-01-24,CUST0234,New,Water Bottle,Home & Kitchen,Hyderabad,1,11261.19,0.15,Credit Card,9572.01,2748.03,Delivered
ORD00762,2025-11-12,CUST0225,Returning,Perfume,Beauty,Kolkata,4,2585.52,0.1,Credit Card,9307.87,3554.85,Delivered
ORD00763,2025-08-14,CUST0167,Returning,Shampoo,Beauty,Chennai,5,2830.53,0.1,Credit Card,12737.39,2546.89,Delivered
ORD00764,2025-03-25,CUST0114,Returning,Moisturizer,Beauty,Chennai,4,675.03,0.0,Cash on Delivery,2700.12,897.21,Delivered
ORD00765,2025-06-12,CUST0043,Returning,Power Bank,Electronics,Kolkata,1,21475.48,0.0,Cash on Delivery,21475.48,6002.49,Delivered
ORD00766,2025-09-28,CUST0060,New,Cookware Set,Home & Kitchen,Bangalore,4,1686.0,0.0,UPI,6744.0,2421.33,Delivered
ORD00767,2025-08-22,CUST0184,Returning,Backpack,Fashion,Chennai,3,3442.66,0.1,UPI,9295.18,2346.34,Delivered
ORD00768,2025-05-15,CUST0041,New,Shampoo,Beauty,Delhi,4,1375.66,0.0,Credit Card,5502.64,2462.24,Delivered
ORD00769,2025-01-17,CUST0216,Premium,Cricket Bat,Sports,Kolkata,4,3655.15,0.0,Credit Card,14620.6,6382.91,Delivered
ORD00770,2025-06-22,CUST0035,Returning,Bedsheet,Home & Kitchen,Pune,5,11356.11,0.0,Net Banking,56780.55,16973.35,Delivered
ORD00771,2025-11-29,CUST0127,New,Sunscreen,Beauty,Bangalore,2,2672.04,0.0,UPI,5344.08,2050.29,Delivered
ORD00772,2025-01-01,CUST0049,New,Smart Watch,Electronics,Pune,3,17583.02,0.1,Credit Card,47474.15,9956.48,Delivered
ORD00773,2025-02-20,CUST0081,New,Football,Sports,Delhi,1,5255.54,0.15,UPI,4467.21,44.23,Delivered
ORD00774,2025-03-20,CUST0161,New,Yoga Mat,Sports,Kolkata,4,1031.14,0.2,UPI,3299.65,630.07,Returned
ORD00775,2025-06-22,CUST0158,Premium,Cricket Bat,Sports,Mumbai,1,5288.23,0.0,Net Banking,5288.23,2149.5,Delivered
ORD00776,2025-04-05,CUST0171,New,Cricket Bat,Sports,Kolkata,2,7616.63,0.1,Debit Card,13709.93,1554.76,Delivered
ORD00777,2025-01-29,CUST0211,Premium,Perfume,Beauty,Bangalore,4,2709.01,0.2,UPI,8668.83,2623.97,Delivered
ORD00778,2025-10-24,CUST0077,Returning,Football,Sports,Kolkata,3,7275.04,0.2,Debit Card,17460.1,3151.44,Delivered
ORD00779,2025-03-02,CUST0264,Returning,Bedsheet,Home & Kitchen,Delhi,4,5532.4,0.05,Debit Card,21023.12,6707.01,Delivered
ORD00780,2025-07-15,CUST0249,Returning,Running Shoes,Sports,Delhi,2,4986.09,0.0,Debit Card,9972.18,1612.15,Delivered
ORD00781,2025-10-03,CUST0002,Returning,Sneakers,Fashion,Bangalore,2,840.47,0.0,UPI,1680.94,552.37,Delivered
ORD00782,2025-01-31,CUST0138,Returning,Face Wash,Beauty,Mumbai,3,1964.57,0.15,Credit Card,5009.65,570.97,Delivered
ORD00783,2025-12-06,CUST0061,Returning,Water Bottle,Home & Kitchen,Kolkata,1,7193.13,0.15,Cash on Delivery,6114.16,549.96,Delivered
ORD00784,2025-03-23,CUST0010,Returning,Shampoo,Beauty,Kolkata,1,1227.89,0.2,Net Banking,982.31,-15.13,Delivered
ORD00785,2025-04-05,CUST0035,Returning,Jeans,Fashion,Hyderabad,3,4484.15,0.15,UPI,11434.58,1032.63,Delivered
ORD00786,2025-05-16,CUST0196,Returning,Power Bank,Electronics,Chennai,4,6725.56,0.2,Credit Card,21521.79,480.47,Delivered
ORD00787,2025-09-20,CUST0049,Returning,Perfume,Beauty,Hyderabad,3,1385.37,0.2,Credit Card,3324.89,-164.98,Delivered
ORD00788,2025-07-05,CUST0266,New,Sneakers,Fashion,Pune,2,2308.3,0.05,Net Banking,4385.77,896.72,Delivered
ORD00789,2025-11-03,CUST0097,New,Mixer Grinder,Home & Kitchen,Chennai,2,9398.86,0.15,UPI,15978.06,603.6,Delivered
ORD00790,2025-11-04,CUST0074,New,Sunscreen,Beauty,Chennai,5,1413.46,0.05,UPI,6713.94,1698.34,Delivered
ORD00791,2025-04-25,CUST0228,Returning,Moisturizer,Beauty,Pune,4,2450.94,0.0,Debit Card,9803.76,4272.24,Delivered
ORD00792,2025-11-06,CUST0112,New,Sneakers,Fashion,Pune,4,483.08,0.1,Debit Card,1739.09,247.16,Delivered
ORD00793,2025-11-03,CUST0204,Returning,Smart Watch,Electronics,Pune,5,10417.07,0.1,Credit Card,46876.82,3641.57,Delivered
ORD00794,2025-07-27,CUST0125,Returning,Sunscreen,Beauty,Bangalore,5,1035.14,0.0,UPI,5175.7,1256.22,Delivered
ORD00795,2025-11-03,CUST0132,New,Bluetooth Speaker,Electronics,Jaipur,3,1461.56,0.1,UPI,3946.21,1112.48,Delivered
ORD00796,2025-02-28,CUST0181,Returning,Water Bottle,Home & Kitchen,Delhi,2,6144.72,0.15,Credit Card,10446.02,3221.57,Delivered
ORD00797,2025-01-28,CUST0274,New,Wireless Earbuds,Electronics,Bangalore,3,13607.5,0.1,UPI,36740.25,2204.05,Delivered
ORD00798,2025-06-24,CUST0183,New,Face Wash,Beauty,Bangalore,1,971.23,0.1,UPI,874.11,300.86,Delivered
ORD00799,2025-01-10,CUST0287,Premium,Cricket Bat,Sports,Delhi,1,2523.84,0.0,Debit Card,2523.84,426.94,Delivered
ORD00800,2025-02-04,CUST0289,Premium,Jeans,Fashion,Pune,5,2137.87,0.2,Credit Card,8551.48,462.85,Delivered
ORD00801,2025-09-20,CUST0080,New,T-Shirt,Fashion,Hyderabad,1,984.35,0.05,Debit Card,935.13,135.36,Delivered
ORD00802,2025-02-03,CUST0263,New,Shampoo,Beauty,Kolkata,2,1754.07,0.15,UPI,2981.92,287.73,Cancelled
ORD00803,2025-05-29,CUST0071,Returning,Mixer Grinder,Home & Kitchen,Pune,3,4506.65,0.1,UPI,12167.96,2602.02,Delivered
ORD00804,2025-07-03,CUST0280,Returning,Football,Sports,Chennai,4,7301.09,0.05,UPI,27744.14,11635.18,Delivered
ORD00805,2025-08-10,CUST0274,New,Football,Sports,Hyderabad,5,1964.25,0.1,Credit Card,8839.12,746.79,Delivered
ORD00806,2025-02-27,CUST0140,New,T-Shirt,Fashion,Hyderabad,1,4912.74,0.2,UPI,3930.19,1102.02,Delivered
ORD00807,2025-01-29,CUST0202,Premium,Jacket,Fashion,Hyderabad,1,2079.43,0.15,Debit Card,1767.52,410.19,Delivered
ORD00808,2025-05-24,CUST0019,New,Mixer Grinder,Home & Kitchen,Mumbai,1,4957.62,0.05,Cash on Delivery,4709.74,1483.98,Returned
ORD00809,2025-01-20,CUST0050,Returning,Running Shoes,Sports,Jaipur,2,7255.42,0.2,UPI,11608.67,-279.46,Delivered
ORD00810,2025-10-24,CUST0106,New,Running Shoes,Sports,Jaipur,3,6779.09,0.2,UPI,16269.82,1152.58,Delivered
ORD00811,2025-12-09,CUST0170,Premium,Running Shoes,Sports,Mumbai,3,4813.8,0.1,UPI,12997.26,1769.2,Delivered
ORD00812,2025-12-13,CUST0280,New,Sneakers,Fashion,Chennai,3,2220.43,0.0,Debit Card,6661.29,1505.3,Delivered
ORD00813,2025-03-03,CUST0254,Returning,Football,Sports,Chennai,4,5478.42,0.2,UPI,17530.94,-203.13,Delivered
ORD00814,2025-08-06,CUST0107,New,Jeans,Fashion,Pune,4,2232.64,0.1,UPI,8037.5,2227.26,Delivered
ORD00815,2025-06-20,CUST0116,Premium,Backpack,Fashion,Jaipur,4,4447.13,0.05,Cash on Delivery,16899.09,3664.67,Delivered
ORD00816,2025-03-21,CUST0134,Returning,Bedsheet,Home & Kitchen,Hyderabad,5,10738.19,0.1,Cash on Delivery,48321.86,16238.25,Delivered
ORD00817,2025-07-04,CUST0207,Returning,Smart Watch,Electronics,Mumbai,3,30299.91,0.0,Credit Card,90899.73,27922.79,Delivered
ORD00818,2025-12-09,CUST0140,Returning,Sneakers,Fashion,Kolkata,3,1443.45,0.1,Credit Card,3897.32,846.68,Delivered
ORD00819,2025-10-07,CUST0019,Returning,Perfume,Beauty,Bangalore,1,1099.74,0.15,Cash on Delivery,934.78,300.17,Delivered
ORD00820,2025-06-19,CUST0045,Returning,Water Bottle,Home & Kitchen,Chennai,3,7199.83,0.2,Credit Card,17279.59,-162.26,Cancelled
ORD00821,2025-10-30,CUST0035,Returning,Sunscreen,Beauty,Hyderabad,4,838.29,0.1,Net Banking,3017.84,722.45,Returned
ORD00822,2025-01-26,CUST0111,New,Moisturizer,Beauty,Mumbai,3,2318.01,0.2,UPI,5563.22,751.37,Delivered
ORD00823,2025-01-08,CUST0032,Premium,Bedsheet,Home & Kitchen,Chennai,1,11834.54,0.2,UPI,9467.63,2251.82,Delivered
ORD00824,2025-08-22,CUST0189,Returning,Moisturizer,Beauty,Delhi,3,2057.38,0.2,Credit Card,4937.71,1444.81,Delivered
ORD00825,2025-02-25,CUST0015,Returning,Smartphone,Electronics,Bangalore,1,23801.63,0.1,Cash on Delivery,21421.47,5177.71,Cancelled
ORD00826,2025-06-04,CUST0175,New,Dumbbells,Sports,Chennai,1,7241.44,0.1,UPI,6517.3,463.48,Delivered
ORD00827,2025-08-06,CUST0278,Returning,Shampoo,Beauty,Pune,4,308.89,0.2,UPI,988.45,-27.61,Delivered
ORD00828,2025-11-23,CUST0200,Returning,Dumbbells,Sports,Chennai,1,2209.08,0.15,Net Banking,1877.72,185.18,Delivered
ORD00829,2025-09-01,CUST0162,Premium,Perfume,Beauty,Pune,1,2427.83,0.2,UPI,1942.26,-76.66,Delivered
ORD00830,2025-09-19,CUST0273,Returning,Wireless Earbuds,Electronics,Chennai,3,30510.87,0.05,Net Banking,86955.98,18348.99,Delivered
ORD00831,2025-02-26,CUST0277,Premium,Bluetooth Speaker,Electronics,Hyderabad,3,31023.78,0.05,UPI,88417.77,35877.25,Delivered
ORD00832,2025-01-08,CUST0004,New,Football,Sports,Pune,5,4066.33,0.2,Debit Card,16265.32,2482.05,Delivered
ORD00833,2025-11-13,CUST0053,Returning,Football,Sports,Hyderabad,1,4589.27,0.2,Debit Card,3671.42,402.02,Delivered
ORD00834,2025-08-09,CUST0240,Premium,Sunscreen,Beauty,Pune,3,513.59,0.15,UPI,1309.65,224.81,Delivered
ORD00835,2025-07-15,CUST0027,New,Bluetooth Speaker,Electronics,Delhi,2,6430.01,0.15,UPI,10931.02,1685.9,Delivered
ORD00836,2025-09-17,CUST0197,New,Bluetooth Speaker,Electronics,Kolkata,4,24155.82,0.1,UPI,86960.95,25332.45,Delivered
ORD00837,2025-12-04,CUST0108,New,Smart Watch,Electronics,Hyderabad,3,7513.72,0.05,UPI,21414.1,8544.03,Delivered
ORD00838,2025-10-17,CUST0105,Returning,Sneakers,Fashion,Kolkata,4,1838.34,0.0,Debit Card,7353.36,1533.97,Delivered
ORD00839,2025-06-14,CUST0193,New,Water Bottle,Home & Kitchen,Chennai,4,411.61,0.2,Credit Card,1317.15,45.94,Delivered
ORD00840,2025-04-15,CUST0184,Returning,Backpack,Fashion,Hyderabad,2,3685.1,0.15,UPI,6264.67,1132.68,Delivered
ORD00841,2025-05-20,CUST0027,Returning,Dumbbells,Sports,Chennai,2,7947.36,0.1,UPI,14305.25,4451.86,Cancelled
ORD00842,2025-02-03,CUST0096,New,Smart Watch,Electronics,Hyderabad,1,6873.99,0.1,UPI,6186.59,656.29,Delivered
ORD00843,2025-07-14,CUST0143,Premium,Cookware Set,Home & Kitchen,Mumbai,1,2891.47,0.2,Cash on Delivery,2313.18,472.01,Delivered
ORD00844,2025-10-31,CUST0199,Returning,Dumbbells,Sports,Mumbai,1,4509.02,0.0,UPI,4509.02,1357.58,Delivered
ORD00845,2025-09-10,CUST0132,Returning,Water Bottle,Home & Kitchen,Kolkata,4,5129.27,0.15,Credit Card,17439.52,2561.41,Delivered
ORD00846,2025-09-21,CUST0010,New,Backpack,Fashion,Pune,3,2631.61,0.1,UPI,7105.35,2678.85,Delivered
ORD00847,2025-02-24,CUST0031,New,Sneakers,Fashion,Hyderabad,2,4756.98,0.15,UPI,8086.87,1296.08,Delivered
ORD00848,2025-11-02,CUST0028,New,Air Fryer,Home & Kitchen,Chennai,5,10881.5,0.2,UPI,43526.0,-2511.69,Delivered
ORD00849,2025-03-15,CUST0090,Premium,Cricket Bat,Sports,Hyderabad,2,4332.94,0.0,Net Banking,8665.88,3213.81,Delivered
ORD00850,2025-08-02,CUST0108,Returning,Moisturizer,Beauty,Bangalore,1,1459.56,0.05,Cash on Delivery,1386.58,309.06,Delivered
ORD00851,2025-12-28,CUST0033,New,Air Fryer,Home & Kitchen,Hyderabad,4,9729.85,0.05,Cash on Delivery,36973.43,7813.55,Delivered
ORD00852,2025-07-23,CUST0172,Returning,Smart Watch,Electronics,Delhi,5,11444.5,0.05,Debit Card,54361.38,19111.18,Delivered
ORD00853,2025-11-24,CUST0071,Returning,Jacket,Fashion,Mumbai,3,2353.52,0.05,UPI,6707.53,2290.3,Delivered
ORD00854,2025-11-04,CUST0067,Premium,Dumbbells,Sports,Bangalore,3,2514.16,0.05,Debit Card,7165.36,1355.98,Delivered
ORD00855,2025-07-10,CUST0047,New,Yoga Mat,Sports,Chennai,3,1636.51,0.05,Credit Card,4664.05,1649.55,Delivered
ORD00856,2025-02-16,CUST0213,Returning,Smart Watch,Electronics,Bangalore,5,6338.67,0.0,Credit Card,31693.35,14011.97,Delivered
ORD00857,2025-12-28,CUST0222,Premium,Sunscreen,Beauty,Mumbai,5,1116.62,0.0,UPI,5583.1,2045.81,Delivered
ORD00858,2025-12-18,CUST0186,Premium,Football,Sports,Delhi,5,3782.51,0.05,Credit Card,17966.92,3410.47,Delivered
ORD00859,2025-04-03,CUST0221,Returning,Jacket,Fashion,Jaipur,2,1888.04,0.15,UPI,3209.67,558.74,Delivered
ORD00860,2025-10-28,CUST0199,New,Jacket,Fashion,Bangalore,5,2308.3,0.0,UPI,11541.5,5053.41,Delivered
ORD00861,2025-08-28,CUST0024,Premium,Face Wash,Beauty,Jaipur,4,988.74,0.2,Net Banking,3163.97,87.69,Delivered
ORD00862,2025-07-03,CUST0027,New,Sneakers,Fashion,Mumbai,5,2172.94,0.0,Net Banking,10864.7,2987.5,Delivered
ORD00863,2025-12-22,CUST0125,Premium,Dumbbells,Sports,Jaipur,5,6446.7,0.0,UPI,32233.5,11098.29,Delivered
ORD00864,2025-01-13,CUST0183,New,Football,Sports,Jaipur,1,4242.54,0.2,Credit Card,3394.03,982.61,Delivered
ORD00865,2025-02-15,CUST0014,Returning,Football,Sports,Jaipur,1,4981.27,0.1,Credit Card,4483.14,522.38,Delivered
ORD00866,2025-11-27,CUST0250,New,Dumbbells,Sports,Bangalore,3,2996.82,0.2,Cash on Delivery,7192.37,1642.76,Delivered
ORD00867,2025-02-13,CUST0230,New,Yoga Mat,Sports,Delhi,1,7485.83,0.0,UPI,7485.83,1315.66,Delivered
ORD00868,2025-11-30,CUST0161,New,Shampoo,Beauty,Kolkata,4,647.75,0.15,UPI,2202.35,668.44,Delivered
ORD00869,2025-03-19,CUST0030,Returning,Backpack,Fashion,Hyderabad,4,1957.22,0.15,Credit Card,6654.55,1494.79,Delivered
ORD00870,2025-08-29,CUST0013,Returning,Jeans,Fashion,Jaipur,2,3768.54,0.0,Cash on Delivery,7537.08,2229.29,Delivered
ORD00871,2025-05-14,CUST0279,New,Air Fryer,Home & Kitchen,Bangalore,1,7940.01,0.1,Credit Card,7146.01,1363.3,Delivered
ORD00872,2025-04-14,CUST0225,New,Shampoo,Beauty,Kolkata,2,455.81,0.15,Net Banking,774.88,249.42,Delivered
ORD00873,2025-01-28,CUST0084,New,Power Bank,Electronics,Chennai,5,11483.41,0.1,Cash on Delivery,51675.34,6634.14,Cancelled
ORD00874,2025-12-09,CUST0252,New,Backpack,Fashion,Bangalore,2,4425.56,0.05,Credit Card,8408.56,2048.19,Delivered
ORD00875,2025-06-15,CUST0150,New,Backpack,Fashion,Delhi,5,2961.34,0.0,Debit Card,14806.7,4033.73,Delivered
ORD00876,2025-05-15,CUST0173,Returning,Bluetooth Speaker,Electronics,Delhi,1,15435.37,0.15,Cash on Delivery,13120.06,3108.31,Delivered
ORD00877,2025-04-06,CUST0273,Returning,Sneakers,Fashion,Pune,4,3214.76,0.15,UPI,10930.18,1149.8,Delivered
ORD00878,2025-06-29,CUST0058,New,Running Shoes,Sports,Mumbai,4,3969.57,0.2,Credit Card,12702.62,3181.83,Returned
ORD00879,2025-11-11,CUST0069,Returning,Yoga Mat,Sports,Chennai,2,3657.57,0.0,Net Banking,7315.14,2124.03,Delivered
ORD00880,2025-01-06,CUST0110,New,Wireless Earbuds,Electronics,Mumbai,1,23318.99,0.2,UPI,18655.19,5199.34,Delivered
ORD00881,2025-07-15,CUST0248,New,Water Bottle,Home & Kitchen,Kolkata,4,5974.41,0.1,UPI,21507.88,4653.07,Delivered
ORD00882,2025-11-02,CUST0246,Returning,Jacket,Fashion,Pune,3,3666.97,0.0,Debit Card,11000.91,4878.67,Delivered
ORD00883,2025-12-16,CUST0026,Returning,Bluetooth Speaker,Electronics,Mumbai,2,34179.22,0.15,UPI,58104.67,6894.66,Delivered
ORD00884,2025-03-03,CUST0046,New,Cookware Set,Home & Kitchen,Kolkata,1,10125.25,0.2,Net Banking,8100.2,-78.36,Delivered
ORD00885,2025-06-14,CUST0152,Returning,Shampoo,Beauty,Jaipur,4,936.94,0.1,Credit Card,3372.98,1163.51,Delivered
ORD00886,2025-04-28,CUST0005,Returning,Wireless Earbuds,Electronics,Bangalore,5,24898.29,0.05,Debit Card,118266.88,21870.28,Delivered
ORD00887,2025-09-08,CUST0150,New,Shampoo,Beauty,Jaipur,2,440.91,0.2,Credit Card,705.46,-10.25,Delivered
ORD00888,2025-05-01,CUST0109,New,Cookware Set,Home & Kitchen,Mumbai,2,2503.91,0.0,Credit Card,5007.82,1052.13,Delivered
ORD00889,2025-10-30,CUST0258,New,Mixer Grinder,Home & Kitchen,Chennai,4,7599.5,0.1,Debit Card,27358.2,4767.37,Delivered
ORD00890,2025-02-24,CUST0209,New,Yoga Mat,Sports,Pune,3,7176.11,0.05,Debit Card,20451.91,4833.15,Delivered
ORD00891,2025-10-12,CUST0027,Returning,Shampoo,Beauty,Hyderabad,1,2363.33,0.1,Credit Card,2127.0,358.54,Delivered
ORD00892,2025-08-17,CUST0125,Returning,Backpack,Fashion,Kolkata,5,544.26,0.1,Credit Card,2449.17,609.68,Delivered
ORD00893,2025-06-19,CUST0047,Returning,Shampoo,Beauty,Delhi,1,534.14,0.15,UPI,454.02,133.15,Delivered
ORD00894,2025-04-17,CUST0065,New,T-Shirt,Fashion,Hyderabad,3,897.84,0.0,UPI,2693.52,436.34,Delivered
ORD00895,2025-11-03,CUST0136,New,Running Shoes,Sports,Bangalore,1,6233.95,0.2,Credit Card,4987.16,433.83,Delivered
ORD00896,2025-03-10,CUST0257,Returning,Smartphone,Electronics,Kolkata,2,23891.66,0.0,Credit Card,47783.32,11168.49,Delivered
ORD00897,2025-06-23,CUST0074,Premium,Shampoo,Beauty,Kolkata,3,2457.9,0.15,UPI,6267.64,1022.49,Delivered
ORD00898,2025-11-21,CUST0010,Premium,Mixer Grinder,Home & Kitchen,Pune,2,1190.19,0.1,UPI,2142.34,342.57,Delivered
ORD00899,2025-07-09,CUST0196,Returning,Bedsheet,Home & Kitchen,Jaipur,3,4154.17,0.1,Cash on Delivery,11216.26,3438.55,Delivered
ORD00900,2025-09-16,CUST0003,Returning,Bedsheet,Home & Kitchen,Kolkata,3,6166.93,0.15,Credit Card,15725.67,4128.88,Delivered
ORD00901,2025-08-24,CUST0240,New,Sneakers,Fashion,Chennai,4,1108.68,0.1,Debit Card,3991.25,1101.62,Delivered
ORD00902,2025-12-13,CUST0232,New,Sunscreen,Beauty,Kolkata,4,825.39,0.2,UPI,2641.25,379.42,Delivered
ORD00903,2025-08-05,CUST0215,Returning,Sunscreen,Beauty,Bangalore,3,2346.82,0.05,Debit Card,6688.44,2304.64,Delivered
ORD00904,2025-03-13,CUST0069,Returning,Power Bank,Electronics,Jaipur,5,10867.92,0.2,Credit Card,43471.68,11204.55,Delivered
ORD00905,2025-02-07,CUST0240,Returning,Yoga Mat,Sports,Jaipur,1,7819.07,0.15,Cash on Delivery,6646.21,2158.56,Delivered
ORD00906,2025-06-23,CUST0255,Returning,Sunscreen,Beauty,Pune,4,1891.2,0.05,Credit Card,7186.56,1604.15,Delivered
ORD00907,2025-06-08,CUST0149,Returning,Bluetooth Speaker,Electronics,Jaipur,3,30737.09,0.15,UPI,78379.58,24938.69,Delivered
ORD00908,2025-04-06,CUST0001,New,Jeans,Fashion,Hyderabad,1,3766.17,0.1,Debit Card,3389.55,1014.56,Delivered
ORD00909,2025-09-29,CUST0005,New,Mixer Grinder,Home & Kitchen,Bangalore,5,11386.15,0.1,UPI,51237.68,15658.08,Delivered
ORD00910,2025-08-17,CUST0221,Returning,Cookware Set,Home & Kitchen,Pune,1,4251.22,0.1,Debit Card,3826.1,811.84,Delivered
ORD00911,2025-06-25,CUST0171,Returning,Water Bottle,Home & Kitchen,Jaipur,3,8418.4,0.0,Cash on Delivery,25255.2,7787.82,Delivered
ORD00912,2025-11-25,CUST0187,New,Football,Sports,Jaipur,2,1165.35,0.0,Debit Card,2330.7,842.13,Delivered
ORD00913,2025-03-07,CUST0053,Returning,Sneakers,Fashion,Jaipur,1,921.98,0.2,Credit Card,737.58,176.83,Delivered
ORD00914,2025-07-29,CUST0237,New,Backpack,Fashion,Delhi,2,3978.73,0.15,UPI,6763.84,727.35,Delivered
ORD00915,2025-08-01,CUST0181,Returning,Wireless Earbuds,Electronics,Kolkata,4,21782.19,0.1,UPI,78415.88,13118.1,Delivered
ORD00916,2025-09-16,CUST0091,Returning,Mixer Grinder,Home & Kitchen,Kolkata,1,9241.66,0.15,UPI,7855.41,1418.59,Delivered
ORD00917,2025-12-11,CUST0020,Returning,T-Shirt,Fashion,Mumbai,1,2273.0,0.2,UPI,1818.4,531.24,Delivered
ORD00918,2025-02-01,CUST0269,Premium,Dumbbells,Sports,Pune,5,4906.0,0.2,Net Banking,19624.0,4564.61,Delivered
ORD00919,2025-02-26,CUST0185,New,Running Shoes,Sports,Delhi,4,4602.04,0.05,UPI,17487.75,5853.82,Cancelled
ORD00920,2025-06-09,CUST0154,New,Running Shoes,Sports,Chennai,2,2069.66,0.15,UPI,3518.42,1224.06,Delivered
ORD00921,2025-08-07,CUST0081,Premium,Moisturizer,Beauty,Mumbai,5,1161.74,0.15,Debit Card,4937.39,569.47,Delivered
ORD00922,2025-04-25,CUST0004,New,Running Shoes,Sports,Pune,4,5964.45,0.05,UPI,22664.91,3722.9,Cancelled
ORD00923,2025-09-22,CUST0175,Returning,Yoga Mat,Sports,Hyderabad,3,1893.79,0.2,Debit Card,4545.1,-248.03,Delivered
ORD00924,2025-10-03,CUST0239,New,Football,Sports,Chennai,1,1119.03,0.15,Cash on Delivery,951.18,302.23,Delivered
ORD00925,2025-09-08,CUST0082,Premium,Yoga Mat,Sports,Chennai,2,4113.95,0.1,Net Banking,7405.11,519.95,Delivered
ORD00926,2025-02-17,CUST0255,New,Cricket Bat,Sports,Delhi,3,603.45,0.2,Debit Card,1448.28,419.11,Cancelled
ORD00927,2025-09-26,CUST0047,Premium,Water Bottle,Home & Kitchen,Bangalore,2,5792.39,0.0,UPI,11584.78,4457.43,Delivered
ORD00928,2025-10-17,CUST0058,Premium,Jacket,Fashion,Pune,4,2536.76,0.15,UPI,8624.98,2519.33,Delivered
ORD00929,2025-06-13,CUST0220,Returning,Mixer Grinder,Home & Kitchen,Mumbai,1,5458.0,0.0,UPI,5458.0,2400.77,Delivered
ORD00930,2025-10-13,CUST0066,New,Cricket Bat,Sports,Delhi,3,3920.92,0.0,UPI,11762.76,1954.04,Delivered
ORD00931,2025-05-29,CUST0091,New,Backpack,Fashion,Delhi,2,4016.95,0.15,Credit Card,6828.82,2235.99,Delivered
ORD00932,2025-06-21,CUST0272,New,Face Wash,Beauty,Mumbai,2,2500.46,0.0,Debit Card,5000.92,2096.79,Delivered
ORD00933,2025-01-18,CUST0060,New,Smartphone,Electronics,Chennai,5,6073.01,0.1,Credit Card,27328.54,9311.3,Delivered
ORD00934,2025-10-13,CUST0149,New,Cricket Bat,Sports,Jaipur,2,3733.79,0.0,UPI,7467.58,1774.61,Delivered
ORD00935,2025-12-01,CUST0051,New,Face Wash,Beauty,Kolkata,5,1631.99,0.05,Debit Card,7751.95,2063.92,Delivered
ORD00936,2025-12-23,CUST0062,New,Bluetooth Speaker,Electronics,Mumbai,4,9147.09,0.1,Debit Card,32929.52,2137.58,Delivered
ORD00937,2025-06-12,CUST0275,Returning,Sunscreen,Beauty,Chennai,3,944.45,0.0,UPI,2833.35,644.64,Delivered
ORD00938,2025-03-28,CUST0067,Returning,Sunscreen,Beauty,Chennai,5,2876.23,0.05,UPI,13662.09,5296.33,Delivered
ORD00939,2025-07-13,CUST0149,New,Cookware Set,Home & Kitchen,Bangalore,1,9562.83,0.05,Credit Card,9084.69,3556.99,Delivered
ORD00940,2025-04-27,CUST0280,Returning,Dumbbells,Sports,Mumbai,1,4396.06,0.15,Net Banking,3736.65,990.04,Delivered
ORD00941,2025-08-21,CUST0216,New,Sneakers,Fashion,Chennai,5,4159.39,0.0,UPI,20796.95,7767.64,Delivered
ORD00942,2025-11-29,CUST0282,New,Moisturizer,Beauty,Hyderabad,5,1799.91,0.1,Credit Card,8099.6,1920.55,Delivered
ORD00943,2025-10-03,CUST0013,Premium,Moisturizer,Beauty,Mumbai,2,1596.07,0.2,UPI,2553.71,775.07,Delivered
ORD00944,2025-11-02,CUST0213,New,Mixer Grinder,Home & Kitchen,Bangalore,1,10076.18,0.1,UPI,9068.56,2200.67,Delivered
ORD00945,2025-05-22,CUST0086,Premium,Moisturizer,Beauty,Hyderabad,1,1666.17,0.2,Credit Card,1332.94,163.44,Delivered
ORD00946,2025-06-27,CUST0006,New,Backpack,Fashion,Hyderabad,1,1048.16,0.0,UPI,1048.16,390.62,Delivered
ORD00947,2025-04-20,CUST0197,Premium,Power Bank,Electronics,Jaipur,5,27900.25,0.2,Credit Card,111601.0,13170.09,Delivered
ORD00948,2025-08-17,CUST0275,Returning,Jacket,Fashion,Kolkata,3,2504.82,0.1,Credit Card,6763.01,731.85,Delivered
ORD00949,2025-12-02,CUST0191,Returning,Power Bank,Electronics,Chennai,4,22577.3,0.15,Debit Card,76762.82,4012.76,Delivered
ORD00950,2025-02-13,CUST0196,Premium,Yoga Mat,Sports,Bangalore,5,7482.4,0.05,UPI,35541.4,13769.69,Delivered
ORD00951,2025-05-20,CUST0119,Premium,Wireless Earbuds,Electronics,Mumbai,1,7470.95,0.2,UPI,5976.76,-206.04,Delivered
ORD00952,2025-04-30,CUST0147,Returning,Running Shoes,Sports,Mumbai,2,2356.45,0.0,Credit Card,4712.9,1641.78,Delivered
ORD00953,2025-04-19,CUST0050,Returning,Sunscreen,Beauty,Hyderabad,4,1319.27,0.0,Debit Card,5277.08,940.39,Delivered
ORD00954,2025-09-22,CUST0030,Returning,Wireless Earbuds,Electronics,Hyderabad,4,3403.46,0.2,Net Banking,10891.07,1015.96,Delivered
ORD00955,2025-05-12,CUST0114,Returning,Bluetooth Speaker,Electronics,Hyderabad,4,14925.44,0.0,Credit Card,59701.76,12808.12,Delivered
ORD00956,2025-07-29,CUST0072,New,Cookware Set,Home & Kitchen,Jaipur,2,7246.88,0.1,Net Banking,13044.38,3944.25,Delivered
ORD00957,2025-11-26,CUST0246,New,Face Wash,Beauty,Bangalore,4,1462.1,0.05,Net Banking,5555.98,1720.01,Delivered
ORD00958,2025-04-13,CUST0284,New,Cookware Set,Home & Kitchen,Mumbai,1,7025.97,0.0,Net Banking,7025.97,1767.88,Delivered
ORD00959,2025-04-16,CUST0063,New,Sunscreen,Beauty,Delhi,1,2686.55,0.1,Cash on Delivery,2417.9,305.8,Delivered
ORD00960,2025-03-12,CUST0046,Premium,Power Bank,Electronics,Chennai,4,932.74,0.0,Cash on Delivery,3730.96,589.98,Delivered
ORD00961,2025-09-19,CUST0244,Premium,Backpack,Fashion,Kolkata,5,1110.67,0.2,UPI,4442.68,777.76,Delivered
ORD00962,2025-10-15,CUST0194,New,Dumbbells,Sports,Kolkata,3,2518.56,0.15,UPI,6422.33,1801.42,Delivered
ORD00963,2025-08-02,CUST0296,Returning,Sneakers,Fashion,Pune,2,3715.06,0.0,Cash on Delivery,7430.12,1510.67,Delivered
ORD00964,2025-09-29,CUST0077,Returning,Sunscreen,Beauty,Delhi,2,721.0,0.1,UPI,1297.8,193.7,Delivered
ORD00965,2025-02-01,CUST0250,Premium,Bluetooth Speaker,Electronics,Hyderabad,1,26175.66,0.1,UPI,23558.09,5932.04,Cancelled
ORD00966,2025-04-18,CUST0273,New,Face Wash,Beauty,Kolkata,3,513.73,0.0,Credit Card,1541.19,624.26,Delivered
ORD00967,2025-01-16,CUST0156,Returning,Dumbbells,Sports,Delhi,1,457.67,0.2,Cash on Delivery,366.14,26.97,Delivered
ORD00968,2025-01-30,CUST0045,New,Perfume,Beauty,Jaipur,2,1768.16,0.15,Debit Card,3005.87,738.9,Delivered
ORD00969,2025-02-22,CUST0068,New,Smart Watch,Electronics,Hyderabad,4,2548.71,0.2,Credit Card,8155.87,1663.74,Delivered
ORD00970,2025-03-16,CUST0202,Returning,Smartphone,Electronics,Pune,2,18888.03,0.15,Cash on Delivery,32109.65,2298.8,Delivered
ORD00971,2025-04-27,CUST0114,New,Air Fryer,Home & Kitchen,Bangalore,3,9504.0,0.05,Cash on Delivery,27086.4,6700.5,Delivered
ORD00972,2025-01-19,CUST0280,Returning,Bluetooth Speaker,Electronics,Hyderabad,2,29613.2,0.1,Credit Card,53303.76,13803.74,Delivered
ORD00973,2025-01-29,CUST0273,Premium,Power Bank,Electronics,Jaipur,3,21561.72,0.0,Debit Card,64685.16,17786.43,Cancelled
ORD00974,2025-05-03,CUST0083,Premium,Bluetooth Speaker,Electronics,Delhi,4,9283.45,0.05,Net Banking,35277.11,12891.14,Delivered
ORD00975,2025-10-29,CUST0267,Returning,Water Bottle,Home & Kitchen,Jaipur,1,931.45,0.1,UPI,838.3,129.42,Delivered
ORD00976,2025-11-24,CUST0290,New,Dumbbells,Sports,Jaipur,2,7738.63,0.05,Net Banking,14703.4,2712.07,Cancelled
ORD00977,2025-04-19,CUST0256,Returning,Moisturizer,Beauty,Hyderabad,1,726.49,0.2,UPI,581.19,-33.03,Delivered
ORD00978,2025-06-23,CUST0043,Returning,Yoga Mat,Sports,Jaipur,5,6228.94,0.2,UPI,24915.76,-1493.94,Delivered
ORD00979,2025-10-03,CUST0152,New,Moisturizer,Beauty,Mumbai,5,2957.84,0.15,Credit Card,12570.82,1333.05,Delivered
ORD00980,2025-03-13,CUST0219,New,Sneakers,Fashion,Pune,1,1856.9,0.05,UPI,1764.06,721.74,Delivered
ORD00981,2025-01-06,CUST0014,New,Sunscreen,Beauty,Bangalore,3,2267.29,0.1,UPI,6121.68,359.73,Delivered
ORD00982,2025-11-12,CUST0024,Returning,Shampoo,Beauty,Chennai,3,1410.14,0.0,Credit Card,4230.42,750.28,Delivered
ORD00983,2025-10-10,CUST0180,New,Smartphone,Electronics,Mumbai,1,2864.15,0.15,UPI,2434.53,560.2,Delivered
ORD00984,2025-11-09,CUST0190,Returning,Wireless Earbuds,Electronics,Chennai,2,9919.2,0.15,UPI,16862.64,2339.78,Delivered
ORD00985,2025-01-15,CUST0121,New,Power Bank,Electronics,Kolkata,1,11662.9,0.0,Debit Card,11662.9,3302.75,Delivered
ORD00986,2025-11-08,CUST0239,Returning,Air Fryer,Home & Kitchen,Jaipur,3,9125.1,0.05,Cash on Delivery,26006.54,8902.1,Delivered
ORD00987,2025-09-17,CUST0084,Returning,Smart Watch,Electronics,Kolkata,2,15613.69,0.0,Credit Card,31227.38,9929.11,Delivered
ORD00988,2025-06-27,CUST0027,Premium,Backpack,Fashion,Hyderabad,5,2558.79,0.15,Credit Card,10874.86,2417.49,Delivered
ORD00989,2025-02-04,CUST0201,Returning,Backpack,Fashion,Hyderabad,4,1689.0,0.15,Cash on Delivery,5742.6,1181.51,Delivered
ORD00990,2025-03-05,CUST0008,Returning,Jacket,Fashion,Mumbai,3,2293.19,0.0,UPI,6879.57,2232.19,Delivered
ORD00991,2025-03-16,CUST0104,New,Wireless Earbuds,Electronics,Mumbai,3,17013.79,0.2,Debit Card,40833.1,4458.91,Delivered
ORD00992,2025-04-05,CUST0013,Returning,Jacket,Fashion,Jaipur,4,1552.04,0.1,Credit Card,5587.34,591.39,Delivered
ORD00993,2025-10-02,CUST0023,New,Jacket,Fashion,Bangalore,3,1443.74,0.15,Debit Card,3681.54,367.16,Delivered
ORD00994,2025-08-19,CUST0239,New,Moisturizer,Beauty,Pune,5,1066.17,0.15,Credit Card,4531.22,1271.11,Delivered
ORD00995,2025-04-24,CUST0079,Returning,Smartphone,Electronics,Bangalore,5,31255.36,0.2,UPI,125021.44,24298.39,Delivered
ORD00996,2025-11-17,CUST0108,New,Dumbbells,Sports,Pune,5,6983.33,0.2,UPI,27933.32,3774.69,Delivered
ORD00997,2025-04-30,CUST0065,New,Bedsheet,Home & Kitchen,Kolkata,4,5585.38,0.2,Credit Card,17873.22,5023.41,Delivered
ORD00998,2025-06-04,CUST0013,Returning,Running Shoes,Sports,Mumbai,3,2890.36,0.0,Debit Card,8671.08,1386.54,Delivered
ORD00999,2025-10-05,CUST0238,Premium,Bluetooth Speaker,Electronics,Bangalore,2,27900.18,0.15,UPI,47430.31,5586.68,Delivered
ORD01000,2025-04-15,CUST0250,New,Yoga Mat,Sports,Chennai,3,5793.62,0.15,Credit Card,14773.73,4995.4,Delivered
